OBJECTID,AQS_Site_ID,FIPS,County,monitor_id,POC,State,City,CBSA,Local_Site_Name,Address,Datum,Latitude,Longitude,LatLon_Accuracy_meters,Elevation_meters_MSL,Monitor_Start_Date,Last_Sample_Date,Active,Measurement_Scale,Measurement_Scale_Definition,Sample_Duration,Sample_Collection_Frequency,Sample_Collection_Method,Sample_Analysis_Method,Method_Reference_ID,FRMFEM,Monitor_Type,Reporting_Agency,Parameter_Name
396,17-001-0007,17001,IL-Adams,170010007,1,Illinois,Quincy,"Quincy, IL-MO",JOHN WOOD COMMUNITY COLLEGE,1301 S. 48TH ST.,WGS84,39.91540937,-91.33586832,15,201,3/15/07,9/30/24,Yes,URBAN SCALE,4 KM TO 50 KM,1 HOUR,,INSTRUMENTAL,ULTRA VIOLET ABSORPTION,EQOA-0992-087,Yes,SLAMS,Illinois Environmental Protection Agency,Ozone
397,17-019-0007,17019,IL-Champaign,170190007,1,Illinois,Thomasboro,"Champaign-Urbana, IL",Thomasboro,NORTH THOMAS ST.,WGS84,40.244913,-88.188519,3,5,5/4/11,9/30/24,Yes,URBAN SCALE,4 KM TO 50 KM,1 HOUR,,INSTRUMENTAL,ULTRA VIOLET ABSORPTION,EQOA-0992-087,Yes,SLAMS,Illinois Environmental Protection Agency,Ozone
398,17-019-1001,17019,IL-Champaign,170191001,1,Illinois,Bondville,"Champaign-Urbana, IL",ISWS CLIMATE STATION,TWP RD 500 E.,WGS84,40.05278,-88.37251,5,213,4/1/11,8/31/24,Yes,REGIONAL SCALE,50 TO HUNDREDS KM,1 HOUR,,INSTRUMENTAL,ULTRA VIOLET,EQOA-0880-047,Yes,EPA,USEPA - Clean Air Markets Division,Ozone
399,17-023-0001,17023,IL-Clark,170230001,1,Illinois,,,416 S. State St. Hwy 1- West Union,416 S. STATE ST. HWY 1/ WEST UNION,WGS84,39.21085658,-87.66829728,13,114.8,4/1/01,9/30/24,Yes,URBAN SCALE,4 KM TO 50 KM,1 HOUR,,INSTRUMENTAL,ULTRA VIOLET ABSORPTION,EQOA-0992-087,Yes,SLAMS,Indiana Depart Of Environ Management/Office Of Air Quality,Ozone
400,17-031-0001,17031,IL-Cook,170310001,1,Illinois,Alsip,"Chicago-Naperville-Elgin, IL-IN-WI",VILLAGE GARAGE,4500 W. 123RD ST.,WGS84,41.6709919,-87.7324569,5,188,6/1/88,9/30/24,Yes,URBAN SCALE,4 KM TO 50 KM,1 HOUR,,INSTRUMENTAL,ULTRA VIOLET ABSORPTION,EQOA-0992-087,Yes,SLAMS,Illinois Environmental Protection Agency,Ozone
401,17-031-0032,17031,IL-Cook,170310032,1,Illinois,Chicago,"Chicago-Naperville-Elgin, IL-IN-WI",SOUTH WATER FILTRATION PLANT,3300 E. CHELTENHAM PL.,WGS84,41.75583241,-87.54534967,10,178,4/1/87,9/30/24,Yes,NEIGHBORHOOD,500 M TO 4KM,1 HOUR,,INSTRUMENTAL,ULTRA VIOLET ABSORPTION,EQOA-0992-087,Yes,SLAMS,Illinois Environmental Protection Agency,Ozone
402,17-031-0076,17031,IL-Cook,170310076,1,Illinois,Chicago,"Chicago-Naperville-Elgin, IL-IN-WI",COM ED MAINTENANCE BLDG,7801 LAWNDALE,WGS84,41.75139998,-87.71348815,5,186,1/1/04,9/30/24,Yes,URBAN SCALE,4 KM TO 50 KM,1 HOUR,,INSTRUMENTAL,ULTRA VIOLET ABSORPTION,EQOA-0992-087,Yes,SLAMS,Illinois Environmental Protection Agency,Ozone
403,17-031-1003,17031,IL-Cook,170311003,2,Illinois,Chicago,"Chicago-Naperville-Elgin, IL-IN-WI",TAFT HS,6545 W. HURLBUT ST.,WGS84,41.98433233,-87.7920017,10,191,1/1/79,9/30/24,Yes,URBAN SCALE,4 KM TO 50 KM,1 HOUR,,INSTRUMENTAL,ULTRA VIOLET ABSORPTION,EQOA-0992-087,Yes,SLAMS,Illinois Environmental Protection Agency,Ozone
404,17-031-1601,17031,IL-Cook,170311601,1,Illinois,Lemont,"Chicago-Naperville-Elgin, IL-IN-WI",COOK COUNTY TRAILER,729 HOUSTON,WGS84,41.66812034,-87.99056969,5,226,1/1/83,9/30/24,Yes,URBAN SCALE,4 KM TO 50 KM,1 HOUR,,INSTRUMENTAL,ULTRA VIOLET ABSORPTION,EQOA-0992-087,Yes,SLAMS,Illinois Environmental Protection Agency,Ozone
405,17-031-3103,17031,IL-Cook,170313103,2,Illinois,Schiller Park,"Chicago-Naperville-Elgin, IL-IN-WI",IEPA TRAILER,4743 MANNHEIM RD.,WGS84,41.96519348,-87.87626473,10,195,4/1/13,9/30/24,Yes,NEIGHBORHOOD,500 M TO 4KM,1 HOUR,,INSTRUMENTAL,ULTRA VIOLET ABSORPTION,EQOA-0992-087,Yes,SLAMS,Illinois Environmental Protection Agency,Ozone
406,17-031-4002,17031,IL-Cook,170314002,1,Illinois,Cicero,"Chicago-Naperville-Elgin, IL-IN-WI",COOK COUNTY TRAILER,1820 S. 51ST AVE.,WGS84,41.85524313,-87.7524697,10,184,1/1/83,9/30/24,Yes,NEIGHBORHOOD,500 M TO 4KM,1 HOUR,,INSTRUMENTAL,ULTRA VIOLET ABSORPTION,EQOA-0992-087,Yes,SLAMS,Illinois Environmental Protection Agency,Ozone
407,17-031-4007,17031,IL-Cook,170314007,1,Illinois,Des Plaines,"Chicago-Naperville-Elgin, IL-IN-WI",REGIONAL OFFICE BUILDING,9511 W. HARRISON ST,WGS84,42.06028469,-87.86322543,20,192,1/1/02,9/30/24,Yes,URBAN SCALE,4 KM TO 50 KM,1 HOUR,,INSTRUMENTAL,ULTRA VIOLET ABSORPTION,EQOA-0992-087,Yes,SLAMS,Illinois Environmental Protection Agency,Ozone
408,17-031-4201,17031,IL-Cook,170314201,1,Illinois,Northbrook,"Chicago-Naperville-Elgin, IL-IN-WI",NORTHBROOK WATER PLANT,750 DUNDEE ROAD,WGS84,42.13999619,-87.79922692,10,198,3/20/97,9/30/24,Yes,URBAN SCALE,4 KM TO 50 KM,1 HOUR,,INSTRUMENTAL,ULTRA VIOLET ABSORPTION,EQOA-0992-087,Yes,SLAMS,Illinois Environmental Protection Agency,Ozone
409,17-031-7002,17031,IL-Cook,170317002,1,Illinois,Evanston,"Chicago-Naperville-Elgin, IL-IN-WI",WATER PLANT,531 E. LINCOLN,WGS84,42.062053,-87.675254,10,183,8/1/77,9/30/24,Yes,NEIGHBORHOOD,500 M TO 4KM,1 HOUR,,INSTRUMENTAL,ULTRA VIOLET ABSORPTION,EQOA-0992-087,Yes,SLAMS,Illinois Environmental Protection Agency,Ozone
410,17-043-6001,17043,IL-DuPage,170436001,1,Illinois,Lisle,"Chicago-Naperville-Elgin, IL-IN-WI",MORTON ARBORETUM,RT. 53,WGS84,41.81304939,-88.0728269,10,206,1/1/84,9/30/24,Yes,URBAN SCALE,4 KM TO 50 KM,1 HOUR,,INSTRUMENTAL,ULTRA VIOLET ABSORPTION,EQOA-0992-087,Yes,SLAMS,Illinois Environmental Protection Agency,Ozone
411,17-049-1001,17049,IL-Effingham,170491001,2,Illinois,Effingham,"Effingham, IL",CENTRAL JR HIGH,10421 N. US HWY. 45,WGS84,39.06715932,-88.54893401,10,177,1/1/82,9/30/24,Yes,REGIONAL SCALE,50 TO HUNDREDS KM,1 HOUR,,INSTRUMENTAL,ULTRA VIOLET ABSORPTION,EQOA-0992-087,Yes,SLAMS,Illinois Environmental Protection Agency,Ozone
412,17-065-0002,17065,IL-Hamilton,170650002,1,Illinois,,"Mount Vernon, IL",TEN MILE CREEK DNR OFFICE,STATE ROUTE 14,WGS84,38.08215516,-88.6249434,10,149,4/1/05,9/30/24,Yes,REGIONAL SCALE,50 TO HUNDREDS KM,1 HOUR,,INSTRUMENTAL,ULTRA VIOLET ABSORPTION,EQOA-0992-087,Yes,SLAMS,Illinois Environmental Protection Agency,Ozone
413,17-083-0117,17083,IL-Jersey,170830117,1,Illinois,Jerseyville,"St. Louis, MO-IL",JERSEYVILLE WATER TREATMENT PLANT (WTP),1320 MAPLE SUMMTT ROAD,NAD83,39.101439,-90.344494,5,193,10/4/17,9/30/24,Yes,URBAN SCALE,4 KM TO 50 KM,1 HOUR,,INSTRUMENTAL,ULTRA VIOLET ABSORPTION,EQOA-0992-087,Yes,SLAMS,Illinois Environmental Protection Agency,Ozone
414,17-085-9991,17085,IL-Jo Daviess,170859991,1,Illinois,,,Stockton,"10952 E. Parker Rd, Stockton, IL 61085",WGS84,42.2869,-89.9997,7,274,4/1/11,8/31/24,Yes,REGIONAL SCALE,50 TO HUNDREDS KM,1 HOUR,,INSTRUMENTAL,ULTRA VIOLET,EQOA-0880-047,Yes,EPA,USEPA - Clean Air Markets Division,Ozone
415,17-089-0005,17089,IL-Kane,170890005,1,Illinois,Elgin,"Chicago-Naperville-Elgin, IL-IN-WI",LARSEN JUNIOR HIGH,665 DUNDEE RD.,WGS84,42.04914776,-88.27302929,10,229,12/1/80,9/30/24,Yes,URBAN SCALE,4 KM TO 50 KM,1 HOUR,,INSTRUMENTAL,ULTRA VIOLET ABSORPTION,EQOA-0992-087,Yes,SLAMS,Illinois Environmental Protection Agency,Ozone
416,17-097-1007,17097,IL-Lake,170971007,1,Illinois,Zion,"Chicago-Naperville-Elgin, IL-IN-WI",CAMP LOGAN TRAILER,ILLINOIS BEACH STATE PARK,WGS84,42.465964,-87.809624,10,178,4/14/94,9/30/24,Yes,URBAN SCALE,4 KM TO 50 KM,1 HOUR,,INSTRUMENTAL,ULTRA VIOLET ABSORPTION,EQOA-0992-087,Yes,SLAMS,Illinois Environmental Protection Agency,Ozone
417,17-111-0001,17111,IL-McHenry,171110001,1,Illinois,Cary,"Chicago-Naperville-Elgin, IL-IN-WI",CARY GROVE HS,FIRST ST. & THREE OAKS RD.,WGS84,42.22144166,-88.24220734,10,235,6/25/80,9/30/24,Yes,URBAN SCALE,4 KM TO 50 KM,1 HOUR,,INSTRUMENTAL,ULTRA VIOLET ABSORPTION,EQOA-0992-087,Yes,SLAMS,Illinois Environmental Protection Agency,Ozone
418,17-113-2003,17113,IL-McLean,171132003,1,Illinois,Normal,"Bloomington, IL",ISU HARRIS PHYSICAL PLANT,MAIN & GREGORY,WGS84,40.51873537,-88.99689571,5,236,3/1/01,9/30/24,Yes,URBAN SCALE,4 KM TO 50 KM,1 HOUR,,INSTRUMENTAL,ULTRA VIOLET ABSORPTION,EQOA-0992-087,Yes,SLAMS,Illinois Environmental Protection Agency,Ozone
419,17-115-0013,17115,IL-Macon,171150013,1,Illinois,Decatur,"Decatur, IL",IEPA TRAILER,2200 N. 22ND,WGS84,39.86683389,-88.92559445,20,204,1/1/83,9/30/24,Yes,URBAN SCALE,4 KM TO 50 KM,1 HOUR,,INSTRUMENTAL,ULTRA VIOLET ABSORPTION,EQOA-0992-087,Yes,SLAMS,Illinois Environmental Protection Agency,Ozone
420,17-117-0002,17117,IL-Macoupin,171170002,1,Illinois,Nilwood,"St. Louis, MO-IL",IEPA TRAILER,HEATON & DUBOIS,WGS84,39.39607533,-89.80973892,5,201,7/1/81,9/30/24,Yes,REGIONAL SCALE,50 TO HUNDREDS KM,1 HOUR,,INSTRUMENTAL,ULTRA VIOLET ABSORPTION,EQOA-0992-087,Yes,SLAMS,Illinois Environmental Protection Agency,Ozone
421,17-119-0120,17119,IL-Madison,171190120,1,Illinois,Alton,"St. Louis, MO-IL",ALTON HORACE MANN ELEMENTARY SCHOOL,2708 EDWARDS STREET,NAD83,38.90136154,-90.14630793,10,172,3/1/20,9/30/24,Yes,URBAN SCALE,4 KM TO 50 KM,1 HOUR,,INSTRUMENTAL,ULTRA VIOLET ABSORPTION,EQOA-0992-087,Yes,SLAMS,Illinois Environmental Protection Agency,Ozone
422,17-119-0122,17119,IL-Madison,171190122,1,Illinois,Maryville,"St. Louis, MO-IL",VILLAGE OF MARYVILLE,8B SCHIBER COURT,WGS84,38.730263,-89.950053,10,177,5/1/22,9/30/24,Yes,URBAN SCALE,4 KM TO 50 KM,1 HOUR,,INSTRUMENTAL,ULTRA VIOLET ABSORPTION,EQOA-0992-087,Yes,SLAMS,Illinois Environmental Protection Agency,Ozone
423,17-119-3007,17119,IL-Madison,171193007,1,Illinois,Wood River,"St. Louis, MO-IL",WATER PLANT,54 N. WALCOTT,WGS84,38.86066947,-90.10585111,10,131,1/1/75,9/30/24,Yes,URBAN SCALE,4 KM TO 50 KM,1 HOUR,,INSTRUMENTAL,ULTRA VIOLET ABSORPTION,EQOA-0992-087,Yes,SLAMS,Illinois Environmental Protection Agency,Ozone
424,17-143-0024,17143,IL-Peoria,171430024,1,Illinois,Peoria,"Peoria, IL",FIRESTATION,HURLBURT & MACARTHUR,WGS84,40.68742038,-89.60694277,10,155,1/1/74,9/30/24,Yes,NEIGHBORHOOD,500 M TO 4KM,1 HOUR,,INSTRUMENTAL,ULTRA VIOLET ABSORPTION,EQOA-0992-087,Yes,SLAMS,Illinois Environmental Protection Agency,Ozone
425,17-143-1001,17143,IL-Peoria,171431001,1,Illinois,Peoria Heights,"Peoria, IL",PEORIA HEIGHTS HS,508 E. GLEN AVE.,WGS84,40.74550393,-89.58586902,5,220,5/1/79,9/30/24,Yes,URBAN SCALE,4 KM TO 50 KM,1 HOUR,,INSTRUMENTAL,ULTRA VIOLET ABSORPTION,EQOA-0992-087,Yes,SLAMS,Illinois Environmental Protection Agency,Ozone
426,17-157-0001,17157,IL-Randolph,171570001,1,Illinois,,,IEPA TRAILER,HICKORY GROVE & FALLVIEW,WGS84,38.17627761,-89.78845862,10,136,3/30/90,9/30/24,Yes,REGIONAL SCALE,50 TO HUNDREDS KM,1 HOUR,,INSTRUMENTAL,ULTRA VIOLET ABSORPTION,EQOA-0992-087,Yes,SLAMS,Illinois Environmental Protection Agency,Ozone
427,17-161-3002,17161,IL-Rock Island,171613002,1,Illinois,Rock Island Arsenal (U.S. Army),"Davenport-Moline-Rock Island, IA-IL",ROCK ISLAND ARSENAL,32 RODMAN AVE.,WGS84,41.51472697,-90.51735026,10,171,2/8/01,9/30/24,Yes,NEIGHBORHOOD,500 M TO 4KM,1 HOUR,,INSTRUMENTAL,ULTRA VIOLET ABSORPTION,EQOA-0992-087,Yes,SLAMS,Illinois Environmental Protection Agency,Ozone
428,17-163-0010,17163,IL-St. Clair,171630010,2,Illinois,East Saint Louis,"St. Louis, MO-IL",IEPA-RAPS TRAILER,13TH & TUDOR,WGS84,38.61203448,-90.16047663,10,125,1/1/79,9/30/24,Yes,NEIGHBORHOOD,500 M TO 4KM,1 HOUR,,INSTRUMENTAL,ULTRA VIOLET ABSORPTION,EQOA-0992-087,Yes,SLAMS,Illinois Environmental Protection Agency,Ozone
429,17-167-0014,17167,IL-Sangamon,171670014,1,Illinois,Springfield,"Springfield, IL",Illinois Building State Fairgrounds,Illinois Building State Fairgrounds,WGS84,39.831522,-89.640926,3,6,4/1/11,9/30/24,Yes,URBAN SCALE,4 KM TO 50 KM,1 HOUR,,INSTRUMENTAL,ULTRA VIOLET ABSORPTION,EQOA-0992-087,Yes,SLAMS,Illinois Environmental Protection Agency,Ozone
430,17-197-1011,17197,IL-Will,171971011,1,Illinois,Braidwood,"Chicago-Naperville-Elgin, IL-IN-WI",COM ED TRAINING CENTER,36400 S. ESSEX RD.,WGS84,41.22153707,-88.19096718,10,181,4/1/95,9/30/24,Yes,REGIONAL SCALE,50 TO HUNDREDS KM,1 HOUR,,INSTRUMENTAL,ULTRA VIOLET ABSORPTION,EQOA-0992-087,Yes,SLAMS,Illinois Environmental Protection Agency,Ozone
431,17-201-2001,17201,IL-Winnebago,172012001,1,Illinois,Loves Park,"Rockford, IL",MAPLE ELEMENTARY SCHOOL,1405 MAPLE AVE.,WGS84,42.33498222,-89.0377748,10,224,7/1/79,9/30/24,Yes,URBAN SCALE,4 KM TO 50 KM,1 HOUR,,INSTRUMENTAL,ULTRA VIOLET ABSORPTION,EQOA-0992-087,Yes,SLAMS,Illinois Environmental Protection Agency,Ozone
432,18-003-0002,18003,IN-Allen,180030002,1,Indiana,Leo-Cedarville,"Fort Wayne, IN",Leo High School,"14600 AMSTUTZ RD., LEO HS",WGS84,41.2214176,-85.0168207,10,173.9,4/1/86,9/30/24,Yes,URBAN SCALE,4 KM TO 50 KM,1 HOUR,,INSTRUMENTAL,ULTRA VIOLET ABSORPTION,EQOA-0992-087,Yes,SLAMS,Indiana Depart Of Environ Management/Office Of Air Quality,Ozone
433,18-003-0015,18003,IN-Allen,180030015,1,Indiana,Fort Wayne,"Fort Wayne, IN",Fort Wayne- Coliseum,Fort Wayne- Coliseum   707 N. Coliseum Blvd.,WGS84,41.08186406,-85.08831305,2,195.9,10/13/23,9/30/24,Yes,NEIGHBORHOOD,500 M TO 4KM,1 HOUR,EVERY DAY,INSTRUMENTAL,ULTRA VIOLET ABSORPTION,EQOA-0992-087,Yes,SLAMS,Indiana Depart Of Environ Management/Office Of Air Quality,Ozone
434,18-005-0007,18005,IN-Bartholomew,180050007,1,Indiana,Hope,"Columbus, IN",Hope- Hauser Jr-Sr High School,"Hope-Hauser Jr-Sr High School, 9404 N. 775 E.",NAD83,39.294322,-85.76681648,10,199,6/1/13,9/30/24,Yes,URBAN SCALE,4 KM TO 50 KM,1 HOUR,,INSTRUMENTAL,ULTRA VIOLET,EQOA-0880-047,Yes,SLAMS,Indiana Depart Of Environ Management/Office Of Air Quality,Ozone
435,18-011-0001,18011,IN-Boone,180110001,1,Indiana,,"Indianapolis-Carmel-Anderson, IN","Perry Worth ELEMENTRY SCHOOL, WEST OF WHITESTOWN","3900 E. 300 S, WHITESTOWN/ Perry Worth Elementary",NAD83,39.99773234,-86.39539441,19,264.264,4/1/00,9/30/24,Yes,URBAN SCALE,4 KM TO 50 KM,1 HOUR,,INSTRUMENTAL,ULTRA VIOLET,EQOA-0880-047,Yes,SLAMS,Indiana Depart Of Environ Management/Office Of Air Quality,Ozone
436,18-013-0001,18013,IN-Brown,180130001,1,Indiana,,"Indianapolis-Carmel-Anderson, IN",Helmsburg,4831 Helmsburg Rd.- Helmsburg,WGS84,39.2639143,-86.2922691,10,176.44,5/14/14,9/30/24,Yes,URBAN SCALE,4 KM TO 50 KM,1 HOUR,,INSTRUMENTAL,ULTRA VIOLET,EQOA-0880-047,Yes,SLAMS,Indiana Depart Of Environ Management/Office Of Air Quality,Ozone
437,18-015-0002,18015,IN-Carroll,180150002,1,Indiana,,"Lafayette-West Lafayette, IN",Flora-Flora Airport,481 S. 150 W. / FLORA AIRPORT,WGS84,40.54045463,-86.55303493,10,180.55,4/1/01,9/30/24,Yes,URBAN SCALE,4 KM TO 50 KM,1 HOUR,,INSTRUMENTAL,ULTRA VIOLET,EQOA-0880-047,Yes,SLAMS,Indiana Depart Of Environ Management/Office Of Air Quality,Ozone
438,18-019-0008,18019,IN-Clark,180190008,1,Indiana,,"Louisville/Jefferson County, KY-IN",Charlestown State Park- 1051.8 meters East of SR 62/ Indiana armory,12500 St. Rd. 62-Charlestown State Park/ Indiana Armory,NAD83,38.39382229,-85.66411754,9,186.551,5/1/07,9/30/24,Yes,URBAN SCALE,4 KM TO 50 KM,1 HOUR,,INSTRUMENTAL,ULTRA VIOLET,EQOA-0880-047,Yes,SLAMS,Indiana Depart Of Environ Management/Office Of Air Quality,Ozone
439,18-035-0010,18035,IN-Delaware,180350010,1,Indiana,Albany,"Muncie, IN",Albany- Albany Elem. Sch.,700 W. STATE ST./ ALBANY ELEMENTARY,NAD83,40.30038495,-85.2458616,10,252.1,4/1/01,9/30/24,Yes,URBAN SCALE,4 KM TO 50 KM,1 HOUR,,INSTRUMENTAL,ULTRA VIOLET,EQOA-0880-047,Yes,SLAMS,Indiana Depart Of Environ Management/Office Of Air Quality,Ozone
440,18-039-0007,18039,IN-Elkhart,180390007,1,Indiana,Bristol,"Elkhart-Goshen, IN",Bristol- Bristol Elem. Sch.,705 Indiana St../ Bristol Elementary,NAD83,41.716959,-85.824696,10,232,4/1/02,9/30/24,Yes,URBAN SCALE,4 KM TO 50 KM,1 HOUR,,INSTRUMENTAL,ULTRA VIOLET,EQOA-0880-047,Yes,SLAMS,Indiana Depart Of Environ Management/Office Of Air Quality,Ozone
441,18-043-0008,18043,IN-Floyd,180430008,1,Indiana,New Albany,"Louisville/Jefferson County, KY-IN",,New Albany- 4H Road (site on Floyd County Fairgrounds),WGS84,38.317813,-85.833322,5,140.2,1/11/23,9/30/24,Yes,NEIGHBORHOOD,500 M TO 4KM,1 HOUR,,INSTRUMENTAL,ULTRA VIOLET,EQOA-0880-047,Yes,SLAMS,Indiana Depart Of Environ Management/Office Of Air Quality,Ozone
442,18-055-0001,18055,IN-Greene,180550001,1,Indiana,,"Bloomington, IN","Plummer, 2500 S. W- Citizens gas Plummer maintenance faciliy","2500 S. 275 W, PLUMMER",NAD83,38.98547693,-86.99041904,9,128.621,4/3/00,9/30/24,Yes,REGIONAL SCALE,50 TO HUNDREDS KM,1 HOUR,,INSTRUMENTAL,ULTRA VIOLET ABSORPTION,EQOA-0992-087,Yes,SLAMS,Indiana Depart Of Environ Management/Office Of Air Quality,Ozone
443,18-057-0006,18057,IN-Hamilton,180570006,1,Indiana,Noblesville,"Indianapolis-Carmel-Anderson, IN",Our Lady of Grace- Noblesville,Noblesville- 9900 E. 191st St.,WGS84,40.0682967,-85.9924507,2.08,210.3,5/14/10,8/31/24,Yes,URBAN SCALE,4 KM TO 50 KM,1 HOUR,,INSTRUMENTAL,ULTRA VIOLET,EQOA-0880-047,Yes,SLAMS,Indiana Depart Of Environ Management/Office Of Air Quality,Ozone
444,18-063-0004,18063,IN-Hendricks,180630004,1,Indiana,Avon,"Indianapolis-Carmel-Anderson, IN","AVON- 255 S. SR 267 (also 255 S. Avon Ave.) Avon, IN","Avon- 7203 E. US HIGHWAY 36, Avon Transportation Cntr.- 255 S. Avon Ave.(updated 2016)",NAD83,39.75870652,-86.39849989,4,202.882,4/1/00,9/30/24,Yes,URBAN SCALE,4 KM TO 50 KM,1 HOUR,,INSTRUMENTAL,ULTRA VIOLET ABSORPTION,EQOA-0992-087,Yes,SLAMS,Indiana Depart Of Environ Management/Office Of Air Quality,Ozone
445,18-067-0004,18067,IN-Howard,180670004,1,Indiana,Kokomo,"Kokomo, IN",Kokomo- E. Vaile Rd.,Kokomo- 1802 E. Vaile Ave.,NAD83,40.48134689,-86.10968814,9.31,217.1,1/1/18,9/30/24,Yes,URBAN SCALE,4 KM TO 50 KM,1 HOUR,,INSTRUMENTAL,ULTRA VIOLET ABSORPTION,EQOA-0992-087,Yes,SLAMS,Indiana Depart Of Environ Management/Office Of Air Quality,Ozone
446,18-083-9991,18083,IN-Knox,180839991,1,Indiana,,"Vincennes, IN",Vincennes,"Southwest Purdue Agricultural Center, Vincennes, IN 47591",WGS84,38.7408,-87.4853,7,134,4/1/11,8/31/24,Yes,REGIONAL SCALE,50 TO HUNDREDS KM,1 HOUR,,INSTRUMENTAL,ULTRA VIOLET,EQOA-0880-047,Yes,EPA,USEPA - Clean Air Markets Division,Ozone
447,18-089-0022,18089,IN-Lake,180890022,1,Indiana,Gary,"Chicago-Naperville-Elgin, IL-IN-WI",Gary-IITRI/ 1219.5 meters east of Tennessee St.- old ammuntion bunker,"201 MISSISSIPPI ST., IITRI BUNKER",NAD83,41.60666232,-87.30494332,10,122.163,6/22/95,9/30/24,Yes,NEIGHBORHOOD,500 M TO 4KM,1 HOUR,,INSTRUMENTAL,ULTRA VIOLET ABSORPTION,EQOA-0992-087,Yes,SLAMS,Indiana Depart Of Environ Management/Office Of Air Quality,Ozone
448,18-089-2008,18089,IN-Lake,180892008,1,Indiana,Hammond,"Chicago-Naperville-Elgin, IL-IN-WI",HAMMOND CAAP- Hammond- 141st St.,1300 141 ST STREET,NAD83,41.63930562,-87.49360877,1,151.8,1/1/76,9/30/24,Yes,NEIGHBORHOOD,500 M TO 4KM,1 HOUR,,INSTRUMENTAL,ULTRA VIOLET,EQOA-0880-047,Yes,SLAMS,Indiana Depart Of Environ Management/Office Of Air Quality,Ozone
449,18-091-0005,18091,IN-La Porte,180910005,1,Indiana,Michigan City,"Michigan City-La Porte, IN",Michigan City- W. Michigan Blvd./  NIPSCO Gas Station,490 W. Michigan Blvd. Michigan City- W. Michigan Blvd.,WGS84,41.71776159,-86.90778633,10,190.5,5/24/90,9/30/24,Yes,URBAN SCALE,4 KM TO 50 KM,1 HOUR,,Instrumental,Chemiluminescence API Model 265E and T265,EQOA-0611-199,Yes,SLAMS,Indiana Depart Of Environ Management/Office Of Air Quality,Ozone
450,18-091-0010,18091,IN-La Porte,180910010,1,Indiana,La Porte,"Michigan City-La Porte, IN",LAPORTE OZONE SITE AT WATER TREATMENT PLANT,2011 E. LINCOLNWAY  LaPorte- E. Lincolnway,NAD83,41.62925897,-86.68502047,10,214.2,5/7/97,9/30/24,Yes,URBAN SCALE,4 KM TO 50 KM,1 HOUR,,INSTRUMENTAL,ULTRA VIOLET ABSORPTION,EQOA-0992-087,Yes,SLAMS,Indiana Depart Of Environ Management/Office Of Air Quality,Ozone
451,18-095-0011,18095,IN-Madison,180950011,2,Indiana,Anderson,"Indianapolis-Carmel-Anderson, IN",Anderson- Eastside Elem. School,844 N. Scatterfield - Anderson Eastside Elementary,WGS84,40.1257028,-85.652184,2,236.54,1/1/21,9/30/24,Yes,URBAN SCALE,4 KM TO 50 KM,1 HOUR,,INSTRUMENTAL,ULTRA VIOLET ABSORPTION,EQOA-0992-087,Yes,SLAMS,Indiana Depart Of Environ Management/Office Of Air Quality,Ozone
452,18-097-0050,18097,IN-Marion,180970050,1,Indiana,Lawrence,"Indianapolis-Carmel-Anderson, IN",Indpls.- Ft. Harrison,5753 Glenn Rd.- FORT HARRISON STATE PARK,NAD83,39.858889,-86.021389,5,238,12/1/79,9/30/24,Yes,URBAN SCALE,4 KM TO 50 KM,1 HOUR,,INSTRUMENTAL,ULTRA VIOLET,EQOA-0880-047,Yes,SLAMS,Indiana Depart Of Environ Management/Office Of Air Quality,Ozone
453,18-097-0057,18097,IN-Marion,180970057,1,Indiana,Indianapolis (Remainder),"Indianapolis-Carmel-Anderson, IN",Indpls- Harding St.,1321 SOUTH HARDING,NAD83,39.749027,-86.186269,3,213,3/1/82,9/30/24,Yes,NEIGHBORHOOD,500 M TO 4KM,1 HOUR,,INSTRUMENTAL,ULTRA VIOLET,EQOA-0880-047,Yes,SLAMS,Indiana Depart Of Environ Management/Office Of Air Quality,Ozone
454,18-097-0078,18097,IN-Marion,180970078,1,Indiana,Indianapolis (Remainder),"Indianapolis-Carmel-Anderson, IN",Indpls- Washington Park/  in parking lot next to police station,"3120 E. 30TH ST., WASHINGTON PARK",NAD83,39.810833,-86.114444,20,230,4/1/09,9/30/24,Yes,NEIGHBORHOOD,500 M TO 4KM,1 HOUR,,INSTRUMENTAL,ULTRA VIOLET,EQOA-0880-047,Yes,SLAMS,Indiana Depart Of Environ Management/Office Of Air Quality,Ozone
455,18-097-0087,18097,IN-Marion,180970087,1,Indiana,Indianapolis (Remainder),"Indianapolis-Carmel-Anderson, IN",Indpls.- I 70,1650 Ludlow Ave.- Indianapolis- I 70,WGS84,39.78793305,-86.13087959,10,194.6,5/14/14,9/30/24,Yes,NEIGHBORHOOD,500 M TO 4KM,1 HOUR,,INSTRUMENTAL,ULTRA VIOLET,EQOA-0880-047,Yes,SLAMS,Indiana Depart Of Environ Management/Office Of Air Quality,Ozone
456,18-123-0009,18123,IN-Perry,181230009,1,Indiana,,,Leopold- Perry Central HS,19856 OLD ST RD 37/PERRY CENTRAL HS/ LEOPOLD,NAD83,38.11515189,-86.60325024,5,201,4/1/04,9/30/24,Yes,URBAN SCALE,4 KM TO 50 KM,1 HOUR,,INSTRUMENTAL,ULTRA VIOLET ABSORPTION,EQOA-0992-087,Yes,SLAMS,Indiana Depart Of Environ Management/Office Of Air Quality,Ozone
457,18-127-0024,18127,IN-Porter,181270024,1,Indiana,Ogden Dunes (Wickliffe),"Chicago-Naperville-Elgin, IL-IN-WI",Ogden Dunes- Water Treatment Plant,84 DIANA RD/ WATER TREATMENT PLANT,NAD83,41.6175,-87.199167,3,183,11/1/83,8/31/24,Yes,URBAN SCALE,4 KM TO 50 KM,1 HOUR,,INSTRUMENTAL,ULTRA VIOLET,EQOA-0880-047,Yes,SLAMS,Indiana Depart Of Environ Management/Office Of Air Quality,Ozone
458,18-127-0026,18127,IN-Porter,181270026,1,Indiana,,"Chicago-Naperville-Elgin, IL-IN-WI",VALPARAISO,1000 WESLEY ST./ VALPARAISO WATER DEPT.,NAD83,41.51211759,-87.03623606,3,215,4/1/98,8/31/24,Yes,URBAN SCALE,4 KM TO 50 KM,1 HOUR,,INSTRUMENTAL,ULTRA VIOLET,EQOA-0880-047,Yes,SLAMS,Indiana Depart Of Environ Management/Office Of Air Quality,Ozone
459,18-129-0003,18129,IN-Posey,181290003,1,Indiana,,"Evansville, IN-KY",ST. PHILLIPS- St. Phillips road CAAP trailer,"2027 S. ST. PHILLIPS RD., Evansville",NAD83,38.0064104,-87.71835352,3,137,7/1/96,9/30/24,Yes,URBAN SCALE,4 KM TO 50 KM,1 HOUR,,INSTRUMENTAL,ULTRA VIOLET,EQOA-0880-047,Yes,SLAMS,Indiana Depart Of Environ Management/Office Of Air Quality,Ozone
460,18-141-0010,18141,IN-St. Joseph,181410010,1,Indiana,,"South Bend-Mishawaka, IN-MI",Potato Creek State Park,"25601 STATE RD. 4, North Liberty/ POTATO CREEK STATE PARK",NAD83,41.551667,-86.370556,5,201,4/24/91,8/31/24,Yes,URBAN SCALE,4 KM TO 50 KM,1 HOUR,,INSTRUMENTAL,ULTRA VIOLET,EQOA-0880-047,Yes,SLAMS,Indiana Depart Of Environ Management/Office Of Air Quality,Ozone
461,18-141-0015,18141,IN-St. Joseph,181410015,1,Indiana,South Bend,"South Bend-Mishawaka, IN-MI",South Bend-Shields Dr.,2335 SHIELDS DR/ SOUTH BEND CAAP 2,NAD83,41.69666041,-86.214722,5,181,6/1/06,8/31/24,Yes,NEIGHBORHOOD,500 M TO 4KM,1 HOUR,,INSTRUMENTAL,ULTRA VIOLET ABSORPTION,EQOA-0992-087,Yes,SLAMS,Indiana Depart Of Environ Management/Office Of Air Quality,Ozone
462,18-141-0016,18141,IN-St. Joseph,181410016,1,Indiana,Granger,"South Bend-Mishawaka, IN-MI",Granger-Beckley St.,"Granger- Beckley St.  12441 Beckley. St., Granger",NAD83,41.754722,-86.11,10,215.8,4/1/12,9/30/24,Yes,URBAN SCALE,4 KM TO 50 KM,1 HOUR,,INSTRUMENTAL,ULTRA VIOLET,EQOA-0880-047,Yes,SLAMS,Indiana Depart Of Environ Management/Office Of Air Quality,Ozone
463,18-145-0001,18145,IN-Shelby,181450001,1,Indiana,,"Indianapolis-Carmel-Anderson, IN","TRITON Middle SCHOOL, NORTH OF FAIRLAND","4740  W. 600 N, FAIRLAND",NAD83,39.61336656,-85.8706688,5,210,4/1/00,9/30/24,Yes,URBAN SCALE,4 KM TO 50 KM,1 HOUR,,INSTRUMENTAL,ULTRA VIOLET,EQOA-0880-047,Yes,SLAMS,Indiana Depart Of Environ Management/Office Of Air Quality,Ozone
464,18-163-0013,18163,IN-Vanderburgh,181630013,1,Indiana,,"Evansville, IN-KY",Inglefield/ Scott School,14940 OLD STATE ROAD/ SCOTT ELEMENTARY,NAD83,38.113889,-87.536667,10,157,5/1/80,9/30/24,Yes,URBAN SCALE,4 KM TO 50 KM,1 HOUR,,INSTRUMENTAL,ULTRA VIOLET,EQOA-0880-047,Yes,SLAMS,Indiana Depart Of Environ Management/Office Of Air Quality,Ozone
465,18-163-0021,18163,IN-Vanderburgh,181630021,1,Indiana,Evansville,"Evansville, IN-KY",Evansville- Buena Vista,Evansville-Buena Vista-1110 W. Buena Vista Rd.,NAD83,38.013333,-87.577222,10,116,7/8/09,9/30/24,Yes,NEIGHBORHOOD,500 M TO 4KM,1 HOUR,,INSTRUMENTAL,ULTRA VIOLET,EQOA-0880-047,Yes,SLAMS,Indiana Depart Of Environ Management/Office Of Air Quality,Ozone
466,18-167-0018,18167,IN-Vigo,181670018,1,Indiana,Terre Haute,"Terre Haute, IN",TERRE HAUTE CAAP/ McLean High School,Terre Haute- Lafayette Ave.   961 N. LAFAYETTE AVE.,NAD83,39.485987,-87.401312,10,140,7/1/83,9/30/24,Yes,NEIGHBORHOOD,500 M TO 4KM,1 HOUR,,INSTRUMENTAL,ULTRA VIOLET,EQOA-0880-047,Yes,SLAMS,Indiana Depart Of Environ Management/Office Of Air Quality,Ozone
467,18-167-0024,18167,IN-Vigo,181670024,1,Indiana,,"Terre Haute, IN",Sandcut/  SITE LOCATED BY HOME BEHIND SHED.,7597 N. STEVENSON RD/ SANDCUT,NAD83,39.55852491,-87.31288295,5,173,4/1/01,9/30/24,Yes,URBAN SCALE,4 KM TO 50 KM,1 HOUR,,INSTRUMENTAL,ULTRA VIOLET,EQOA-0880-047,Yes,SLAMS,Indiana Depart Of Environ Management/Office Of Air Quality,Ozone
468,18-169-9991,18169,IN-Wabash,181699991,1,Indiana,,"Wabash, IN",Salamonie Reservoir,"Hamilton Rd, Lagro, IN 46941",NAD83,40.816038,-85.661408,7,250,6/1/11,8/31/24,Yes,REGIONAL SCALE,50 TO HUNDREDS KM,1 HOUR,,INSTRUMENTAL,ULTRA VIOLET,EQOA-0880-047,Yes,EPA,USEPA - Clean Air Markets Division,Ozone
469,18-173-0008,18173,IN-Warrick,181730008,1,Indiana,Boonville,"Evansville, IN-KY",Boonville-  Boonville HS,300 N. 1ST ST./ BOONVILLE HIGH SCHOOL,NAD83,38.051667,-87.278056,5,94.2,4/16/91,9/30/24,Yes,URBAN SCALE,4 KM TO 50 KM,1 HOUR,,INSTRUMENTAL,ULTRA VIOLET,EQOA-0880-047,Yes,SLAMS,Indiana Depart Of Environ Management/Office Of Air Quality,Ozone
470,18-173-0011,18173,IN-Warrick,181730011,1,Indiana,,"Evansville, IN-KY",Dayville,"DAYVILLE- 3488 EBLE RD, Newburgh",NAD83,37.954444,-87.321667,5,94,4/20/05,9/30/24,Yes,URBAN SCALE,4 KM TO 50 KM,1 HOUR,,INSTRUMENTAL,ULTRA VIOLET,EQOA-0880-047,Yes,SLAMS,Indiana Depart Of Environ Management/Office Of Air Quality,Ozone
608,26-005-0003,26005,MI-Allegan,260050003,1,Michigan,Holland,"Holland, MI",Holland,966 W. 32ND (HOLLAND),WGS84,42.76778555,-86.14857722,0,194,8/25/92,9/30/24,Yes,URBAN SCALE,4 KM TO 50 KM,1 HOUR,,INSTRUMENTAL,ULTRA VIOLET ABSORPTION,EQOA-0992-087,Yes,SLAMS,"Michigan Dept Of Environment, Great Lakes, and Energy-Air Quality Division",Ozone
609,26-019-0003,26019,MI-Benzie,260190003,1,Michigan,Benzonia,"Traverse City, MI",FRANKFORT,1060 WEST ST (FRANKFORT),WGS84,44.61694309,-86.10940778,0,222,7/28/92,9/30/24,Yes,REGIONAL SCALE,50 TO HUNDREDS KM,1 HOUR,,INSTRUMENTAL,ULTRA VIOLET ABSORPTION,EQOA-0992-087,Yes,SLAMS,"Michigan Dept Of Environment, Great Lakes, and Energy-Air Quality Division",Ozone
610,26-021-0014,26021,MI-Berrien,260210014,1,Michigan,Coloma,"Niles-Benton Harbor, MI",Coloma PAW PAW WWTP,4689 DEFIELD RD (COLOMA),WGS84,42.19778954,-86.30969398,0,198,8/3/92,9/30/24,Yes,REGIONAL SCALE,50 TO HUNDREDS KM,1 HOUR,,INSTRUMENTAL,ULTRA VIOLET ABSORPTION,EQOA-0992-087,Yes,SLAMS,"Michigan Dept Of Environment, Great Lakes, and Energy-Air Quality Division",Ozone
611,26-027-0003,26027,MI-Cass,260270003,2,Michigan,Cassopolis,"South Bend-Mishawaka, IN-MI","Cassopolis ROSS BEATTY HIGH SCHOOL, 22721 DIAMOND COVE ST.",22721 DIAMOND COVE ST (CASSOPOLIS),WGS84,41.8955698,-86.00162873,3,270,5/16/91,9/30/24,Yes,URBAN SCALE,4 KM TO 50 KM,1 HOUR,,INSTRUMENTAL,ULTRA VIOLET ABSORPTION,EQOA-0992-087,Yes,SLAMS,"Michigan Dept Of Environment, Great Lakes, and Energy-Air Quality Division",Ozone
612,26-037-0002,26037,MI-Clinton,260370002,1,Michigan,Lansing,"Lansing-East Lansing, MI",ROSELAKE2 9870 STOLL RD,9870 STOLL RD (ROSELAKE2),WGS84,42.79833938,-84.39379526,0.5,259,3/1/17,9/30/24,Yes,URBAN SCALE,4 KM TO 50 KM,1 HOUR,,INSTRUMENTAL,ULTRA VIOLET ABSORPTION,EQOA-0992-087,Yes,SLAMS,"Michigan Dept Of Environment, Great Lakes, and Energy-Air Quality Division",Ozone
613,26-049-0021,26049,MI-Genesee,260490021,1,Michigan,Flint,"Flint, MI",WHALEY PK 3610 IOWA (FLINT),3610 IOWA (FLINT),WGS84,43.04722419,-83.67015909,0,220,6/16/92,9/30/24,Yes,NEIGHBORHOOD,500 M TO 4KM,1 HOUR,,INSTRUMENTAL,ULTRA VIOLET ABSORPTION,EQOA-0992-087,Yes,SLAMS,"Michigan Dept Of Environment, Great Lakes, and Energy-Air Quality Division",Ozone
614,26-049-2001,26049,MI-Genesee,260492001,1,Michigan,Otisville,"Flint, MI",OtisvilleLAKEVILLE MIDDLE SCHOOL,"LAKEVILLE MS, G11107 WASHBURN RD (OTISVILLE)",WGS84,43.16833627,-83.46154069,0,256,5/13/80,9/30/24,Yes,URBAN SCALE,4 KM TO 50 KM,1 HOUR,,INSTRUMENTAL,ULTRA VIOLET ABSORPTION,EQOA-0992-087,Yes,SLAMS,"Michigan Dept Of Environment, Great Lakes, and Energy-Air Quality Division",Ozone
615,26-063-0007,26063,MI-Huron,260630007,1,Michigan,Harbor Beach,,RURAL THUMB AREA OZONE SITE,1172 S M25 SAND BEACH TWP (HARBOR BEACH),WGS84,43.83638793,-82.64289991,15.18,0,4/1/94,6/30/24,Yes,REGIONAL SCALE,50 TO HUNDREDS KM,1 HOUR,,INSTRUMENTAL,ULTRA VIOLET ABSORPTION,EQOA-0992-087,Yes,SLAMS,"Michigan Dept Of Environment, Great Lakes, and Energy-Air Quality Division",Ozone
616,26-065-0018,26065,MI-Ingham,260650018,1,Michigan,Lansing,"Lansing-East Lansing, MI",LANSING / FILLEY STREET,815 FILLEY ST (LANSING),WGS84,42.76138,-84.562867,0.5,0.5,5/16/18,6/30/24,Yes,NEIGHBORHOOD,500 M TO 4KM,1 HOUR,EVERY DAY,INSTRUMENTAL,ULTRA VIOLET ABSORPTION,EQOA-0992-087,Yes,SLAMS,"Michigan Dept Of Environment, Great Lakes, and Energy-Air Quality Division",Ozone
617,26-077-0008,26077,MI-Kalamazoo,260770008,1,Michigan,Kalamazoo,"Kalamazoo-Portage, MI",KALAMAZOO FAIRGROUNDS,1400 OLMSTEAD RD (KALAMAZOO),WGS84,42.278067,-85.54189,0,0,4/1/97,6/30/24,Yes,NEIGHBORHOOD,500 M TO 4KM,1 HOUR,,INSTRUMENTAL,ULTRA VIOLET ABSORPTION,EQOA-0992-087,Yes,SLAMS,"Michigan Dept Of Environment, Great Lakes, and Energy-Air Quality Division",Ozone
618,26-081-0020,26081,MI-Kent,260810020,1,Michigan,Grand Rapids,"Grand Rapids-Wyoming, MI",GR-MONROE,1179 MONROE  (GRAND RAPIDS),WGS84,42.984173,-85.671339,0,186,4/24/80,6/30/24,Yes,NEIGHBORHOOD,500 M TO 4KM,1 HOUR,,INSTRUMENTAL,ULTRA VIOLET ABSORPTION,EQOA-0992-087,Yes,SLAMS,"Michigan Dept Of Environment, Great Lakes, and Energy-Air Quality Division",Ozone
619,26-081-0022,26081,MI-Kent,260810022,1,Michigan,,"Grand Rapids-Wyoming, MI",APPROXIMATELY 1/4 MILE SOUTH OF 14 MILE RD - EVANS,10300 14 MILE RD NE #B (EVANS),WGS84,43.17667181,-85.41660783,15.18,0,4/1/99,9/30/24,Yes,URBAN SCALE,4 KM TO 50 KM,1 HOUR,,INSTRUMENTAL,ULTRA VIOLET ABSORPTION,EQOA-0992-087,Yes,SLAMS,"Michigan Dept Of Environment, Great Lakes, and Energy-Air Quality Division",Ozone
620,26-091-0007,26091,MI-Lenawee,260910007,1,Michigan,Tecumseh,"Adrian, MI","6792 RAISIN CENTER HWY, LENAWEE CO.RD.COMM.OWNER, TECUMSEH",6792 RAISEN CTR HWY (TECUMSEH),WGS84,41.995568,-83.946559,0.5,0.5,7/6/93,6/30/24,Yes,REGIONAL SCALE,50 TO HUNDREDS KM,1 HOUR,,INSTRUMENTAL,ULTRA VIOLET ABSORPTION,EQOA-0992-087,Yes,SLAMS,"Michigan Dept Of Environment, Great Lakes, and Energy-Air Quality Division",Ozone
621,26-099-0009,26099,MI-Macomb,260990009,1,Michigan,New Haven,"Detroit-Warren-Dearborn, MI",New Haven,57700 GRATIOT (NEW HAVEN),WGS84,42.73139412,-82.79346283,0,189,7/14/80,9/30/24,Yes,URBAN SCALE,4 KM TO 50 KM,1 HOUR,,INSTRUMENTAL,ULTRA VIOLET ABSORPTION,EQOA-0992-087,Yes,SLAMS,"Michigan Dept Of Environment, Great Lakes, and Energy-Air Quality Division",Ozone
622,26-099-1003,26099,MI-Macomb,260991003,1,Michigan,Warren,"Detroit-Warren-Dearborn, MI",WARREN - FIRE STATION 29900 HOOVER AT COMMON,29900 HOOVER (WARREN),WGS84,42.51333985,-83.00597056,0,188,1/1/77,6/30/24,Yes,URBAN SCALE,4 KM TO 50 KM,1 HOUR,,INSTRUMENTAL,ULTRA VIOLET ABSORPTION,EQOA-0992-087,Yes,SLAMS,"Michigan Dept Of Environment, Great Lakes, and Energy-Air Quality Division",Ozone
623,26-101-0922,26101,MI-Manistee,261010922,1,Michigan,Manistee,,,3031 DOMRES RD (MANISTEE LRBOI),WGS84,44.30700008,-86.24264864,0.1,0,4/1/06,6/30/24,Yes,REGIONAL SCALE,50 TO HUNDREDS KM,1 HOUR,,INSTRUMENTAL,ULTRA VIOLET ABSORPTION,EQOA-0992-087,Yes,TRIBAL,"Michigan Dept Of Environment, Great Lakes, and Energy-Air Quality Division",Ozone
624,26-105-0007,26105,MI-Mason,261050007,1,Michigan,Scottville,"Ludington, MI",SCOTTVILLE - LOCATED 550 FT NORTH OF US10,525 W US10 (SCOTTVILLE),WGS84,43.95333441,-86.29441463,15.18,0,4/1/98,9/30/24,Yes,REGIONAL SCALE,50 TO HUNDREDS KM,1 HOUR,,INSTRUMENTAL,ULTRA VIOLET ABSORPTION,EQOA-0992-087,Yes,SLAMS,"Michigan Dept Of Environment, Great Lakes, and Energy-Air Quality Division",Ozone
625,26-113-0001,26113,MI-Missaukee,261130001,1,Michigan,,"Cadillac, MI",LOCATED ABOUT 1/4 MILE WEST OF SITE,1769 S JEFFS RD (HOUGHTON LAKE),WGS84,44.31055542,-84.89186532,15.18,0.5,4/1/98,9/30/24,Yes,REGIONAL SCALE,50 TO HUNDREDS KM,1 HOUR,,INSTRUMENTAL,ULTRA VIOLET ABSORPTION,EQOA-0992-087,Yes,SLAMS,"Michigan Dept Of Environment, Great Lakes, and Energy-Air Quality Division",Ozone
626,26-121-0039,26121,MI-Muskegon,261210039,1,Michigan,Muskegon,"Muskegon, MI",MUSKEGON,1340 GREEN CREEK RD (MUSKEGON),WGS84,43.2780606,-86.31108253,0,190,5/1/91,9/30/24,Yes,REGIONAL SCALE,50 TO HUNDREDS KM,1 HOUR,,INSTRUMENTAL,ULTRA VIOLET ABSORPTION,EQOA-0992-087,Yes,SLAMS,"Michigan Dept Of Environment, Great Lakes, and Energy-Air Quality Division",Ozone
627,26-125-0001,26125,MI-Oakland,261250001,2,Michigan,Oak Park,"Detroit-Warren-Dearborn, MI",Oak Park,13701 OAK PARK BLVD (OAK PARK),WGS84,42.46306341,-83.18319868,0,203,1/9/81,9/30/24,Yes,URBAN SCALE,4 KM TO 50 KM,1 HOUR,,INSTRUMENTAL,ULTRA VIOLET ABSORPTION,EQOA-0992-087,Yes,SLAMS,"Michigan Dept Of Environment, Great Lakes, and Energy-Air Quality Division",Ozone
628,26-139-0005,26139,MI-Ottawa,261390005,1,Michigan,Jenison,"Grand Rapids-Wyoming, MI",Jenison,6981 28TH AVE (JENISON),WGS84,42.894444,-85.852778,0,195,4/1/89,6/30/24,Yes,URBAN SCALE,4 KM TO 50 KM,1 HOUR,,INSTRUMENTAL,ULTRA VIOLET ABSORPTION,EQOA-0992-087,Yes,SLAMS,"Michigan Dept Of Environment, Great Lakes, and Energy-Air Quality Division",Ozone
629,26-147-0005,26147,MI-St. Clair,261470005,1,Michigan,Port Huron,"Detroit-Warren-Dearborn, MI",Port Huron,2525 DOVE RD (PORT HURON),WGS84,42.953336,-82.456229,0,186,2/28/81,6/30/24,Yes,URBAN SCALE,4 KM TO 50 KM,1 HOUR,,INSTRUMENTAL,ULTRA VIOLET ABSORPTION,EQOA-0992-087,Yes,SLAMS,"Michigan Dept Of Environment, Great Lakes, and Energy-Air Quality Division",Ozone
630,26-153-0001,26153,MI-Schoolcraft,261530001,1,Michigan,,,"Seney SENEY NAT'L WILDLIFE REFUGE, HCR2, BOX 1",SENEY NAT'L WILDLIFE HCR2 BOX 1 (SENEY),WGS84,46.28887716,-85.95022692,0.01,0,1/15/01,6/30/24,Yes,REGIONAL SCALE,50 TO HUNDREDS KM,1 HOUR,,INSTRUMENTAL,ULTRA VIOLET ABSORPTION,EQOA-0992-087,Yes,SLAMS,"Michigan Dept Of Environment, Great Lakes, and Energy-Air Quality Division",Ozone
631,26-157-9991,26157,MI-Tuscola,261579991,1,Michigan,,,Unionville,"1821 E. Dickerson Rd, Unionville, MI 48767",WGS84,43.6138,-83.3591,7,201,6/1/11,8/31/24,Yes,REGIONAL SCALE,50 TO HUNDREDS KM,1 HOUR,,INSTRUMENTAL,ULTRA VIOLET,EQOA-0880-047,Yes,EPA,USEPA - Clean Air Markets Division,Ozone
632,26-161-0008,26161,MI-Washtenaw,261610008,1,Michigan,Ypsilanti,"Ann Arbor, MI","YPSILANTI TOWNER ST, SOUTH;",555 TOWNER ST (YPSILANTI),WGS84,42.240556,-83.599722,0.5,0.5,4/1/00,6/30/24,Yes,NEIGHBORHOOD,500 M TO 4KM,1 HOUR,,INSTRUMENTAL,ULTRA VIOLET ABSORPTION,EQOA-0992-087,Yes,SLAMS,"Michigan Dept Of Environment, Great Lakes, and Energy-Air Quality Division",Ozone
633,26-161-9991,26161,MI-Washtenaw,261619991,1,Michigan,,"Ann Arbor, MI",Ann Arbor,"10070 Strawberry Lake Rd, Dexter, MI 48130",NAD83,42.416636,-83.902185,7,267,6/1/11,8/31/24,Yes,REGIONAL SCALE,50 TO HUNDREDS KM,1 HOUR,,INSTRUMENTAL,ULTRA VIOLET,EQOA-0880-047,Yes,EPA,USEPA - Clean Air Markets Division,Ozone
634,26-163-0001,26163,MI-Wayne,261630001,2,Michigan,Allen Park,"Detroit-Warren-Dearborn, MI",Allen Park,14700 GODDARD (ALLEN PARK),WGS84,42.228611,-83.208333,0,181,1/1/80,6/30/24,Yes,NEIGHBORHOOD,500 M TO 4KM,1 HOUR,,INSTRUMENTAL,ULTRA VIOLET ABSORPTION,EQOA-0992-087,Yes,SLAMS,"Michigan Dept Of Environment, Great Lakes, and Energy-Air Quality Division",Ozone
635,26-163-0019,26163,MI-Wayne,261630019,2,Michigan,Detroit,"Detroit-Warren-Dearborn, MI",East 7 Mile,11600 EAST SEVEN MILE RD (DETROIT-E7M),WGS84,42.43084042,-83.00013754,0,192,4/11/77,6/30/24,Yes,URBAN SCALE,4 KM TO 50 KM,1 HOUR,,INSTRUMENTAL,ULTRA VIOLET ABSORPTION,EQOA-0992-087,Yes,SLAMS,"Michigan Dept Of Environment, Great Lakes, and Energy-Air Quality Division",Ozone
636,26-165-9991,26165,MI-Wexford,261659991,1,Michigan,,"Cadillac, MI",Hoxeyville,"10637 S 9 Rd, Cadillac, MI 49601",NAD83,44.18089,-85.738985,7,305,6/1/11,8/31/24,Yes,REGIONAL SCALE,50 TO HUNDREDS KM,1 HOUR,,INSTRUMENTAL,ULTRA VIOLET,EQOA-0880-047,Yes,EPA,USEPA - Clean Air Markets Division,Ozone
637,27-003-1001,27003,MN-Anoka,270031001,1,Minnesota,East Bethel,"Minneapolis-St. Paul-Bloomington, MN-WI",Cedar Creek,2660 Fawn Rd.,WGS84,45.40184,-93.20306,0,280,5/1/79,6/30/24,Yes,NEIGHBORHOOD,500 M TO 4KM,1 HOUR,,INSTRUMENTAL,ULTRA VIOLET ABSORPTION,EQOA-0992-087,Yes,SLAMS,"Minnesota Pollution Control Agency, Division Of Air Quality",Ozone
638,27-003-1002,27003,MN-Anoka,270031002,1,Minnesota,Blaine,"Minneapolis-St. Paul-Bloomington, MN-WI",Anoka County Airport,9399 Lima St,WGS84,45.13767954,-93.20761498,0,280,5/1/79,6/30/24,Yes,NEIGHBORHOOD,500 M TO 4KM,1 HOUR,,INSTRUMENTAL,ULTRA VIOLET ABSORPTION,EQOA-0992-087,Yes,SLAMS,"Minnesota Pollution Control Agency, Division Of Air Quality",Ozone
639,27-005-2013,27005,MN-Becker,270052013,1,Minnesota,Detroit Lakes,,FWS Wetland Management District,26624 NORTH TOWER ROAD,WGS84,46.851811,-95.846272,1.52,0,4/1/05,6/30/24,Yes,URBAN SCALE,4 KM TO 50 KM,1 HOUR,,INSTRUMENTAL,ULTRA VIOLET ABSORPTION,EQOA-0992-087,Yes,SLAMS,"Minnesota Pollution Control Agency, Division Of Air Quality",Ozone
640,27-007-2305,27007,MN-Beltrami,270072305,1,Minnesota,,"Bemidji, MN",Red Lake Nation DNR,15761 High School Drive,WGS84,47.8796,-95.0166,11.1,369.13,3/1/24,6/30/24,Yes,URBAN SCALE,4 KM TO 50 KM,1 HOUR,EVERY DAY,INSTRUMENTAL,ULTRA VIOLET ABSORPTION,EQOA-0992-087,Yes,TRIBAL,"Minnesota Pollution Control Agency, Division Of Air Quality",Ozone
641,27-017-7417,27017,MN-Carlton,270177417,1,Minnesota,Cloquet,"Duluth, MN-WI",Fond du Lac Band,28 University Road,NAD83,46.713694,-92.511722,3,433,4/1/15,6/30/24,Yes,NEIGHBORHOOD,500 M TO 4KM,1 HOUR,,INSTRUMENTAL,ULTRA VIOLET ABSORPTION,EQOA-0992-087,Yes,TRIBAL,"Minnesota Chippewa Tribe, MN (Fond du Lac Band)",Ozone
642,27-035-3204,27035,MN-Crow Wing,270353204,1,Minnesota,Brainerd,"Brainerd, MN",Brainerd Lakes Regional Airport,16384 AIRPORT RD,WGS84,46.39674,-94.1303,1.52,381,4/1/05,6/30/24,Yes,URBAN SCALE,4 KM TO 50 KM,1 HOUR,,INSTRUMENTAL,ULTRA VIOLET ABSORPTION,EQOA-0992-087,Yes,SLAMS,"Minnesota Pollution Control Agency, Division Of Air Quality",Ozone
643,27-049-5302,27049,MN-Goodhue,270495302,1,Minnesota,,"Red Wing, MN",Stanton Air Field,1235 HIGHWAY 19,WGS84,44.473754,-93.012611,10,300,5/12/03,6/30/24,Yes,NEIGHBORHOOD,500 M TO 4KM,1 HOUR,,INSTRUMENTAL,ULTRA VIOLET ABSORPTION,EQOA-0992-087,Yes,SLAMS,"Minnesota Pollution Control Agency, Division Of Air Quality",Ozone
644,27-053-0962,27053,MN-Hennepin,270530962,1,Minnesota,Minneapolis,"Minneapolis-St. Paul-Bloomington, MN-WI",Near Road I-35/I-94,1444 E 18th St,NAD83,44.965242,-93.254759,5,259,1/1/13,6/30/24,Yes,MIDDLE SCALE,100 M TO 500 M,1 HOUR,,INSTRUMENTAL,ULTRA VIOLET ABSORPTION,EQOA-0992-087,Yes,SLAMS,"Minnesota Pollution Control Agency, Division Of Air Quality",Ozone
645,27-075-0005,27075,MN-Lake,270750005,1,Minnesota,,,Boundary Waters,Fernberg Road,WGS84,47.948622,-91.495574,0,528,1/1/77,6/30/24,Yes,REGIONAL SCALE,50 TO HUNDREDS KM,1 HOUR,,INSTRUMENTAL,ULTRA VIOLET ABSORPTION,EQOA-0992-087,Yes,SLAMS,"Minnesota Pollution Control Agency, Division Of Air Quality",Ozone
646,27-083-4210,27083,MN-Lyon,270834210,1,Minnesota,Marshall,"Marshall, MN",Southwest Minnesota Regional Airport,WEST HIGHWAY 19,WGS84,44.4438,-95.81789,1.52,361,5/5/05,6/30/24,Yes,URBAN SCALE,4 KM TO 50 KM,1 HOUR,,INSTRUMENTAL,ULTRA VIOLET ABSORPTION,EQOA-0992-087,Yes,SLAMS,"Minnesota Pollution Control Agency, Division Of Air Quality",Ozone
647,27-095-3051,27095,MN-Mille Lacs,270953051,1,Minnesota,Onamia,"Minneapolis-St. Paul-Bloomington, MN-WI",Mille Lacs Band,43408 Oodena Dr,NAD83,46.2053,-93.75945,9.11,393,4/22/99,6/30/24,Yes,URBAN SCALE,4 KM TO 50 KM,1 HOUR,,INSTRUMENTAL,ULTRA VIOLET ABSORPTION,EQOA-0992-087,Yes,TRIBAL,"Minnesota Pollution Control Agency, Division Of Air Quality",Ozone
648,27-109-5008,27109,MN-Olmsted,271095008,1,Minnesota,Rochester,"Rochester, MN",Ben Franklin School,1801 9th Ave. SE,WGS84,43.996908,-92.450366,2.06,0,3/25/03,6/30/24,Yes,NEIGHBORHOOD,500 M TO 4KM,1 HOUR,,INSTRUMENTAL,ULTRA VIOLET ABSORPTION,EQOA-0992-087,Yes,SLAMS,"Minnesota Pollution Control Agency, Division Of Air Quality",Ozone
649,27-137-0034,27137,MN-St. Louis,271370034,1,Minnesota,,"Duluth, MN-WI",Voyageurs NP - Sullivan Bay,VOYAGEURS NATIONAL PARK,WGS84,48.41252,-92.829225,5,427,7/1/96,8/31/24,Yes,REGIONAL SCALE,50 TO HUNDREDS KM,1 HOUR,,INSTRUMENTAL,ULTRA VIOLET,EQOA-0880-047,Yes,NON-EPA FEDERAL,National Park Service,Ozone
650,27-137-7550,27137,MN-St. Louis,271377550,1,Minnesota,Duluth,"Duluth, MN-WI",U of M - Duluth,1202 EAST UNIVERSITY CIRCLE,WGS84,46.81826,-92.08936,1.52,351,7/31/03,6/30/24,Yes,NEIGHBORHOOD,500 M TO 4KM,1 HOUR,,INSTRUMENTAL,ULTRA VIOLET ABSORPTION,EQOA-0992-087,Yes,SLAMS,"Minnesota Pollution Control Agency, Division Of Air Quality",Ozone
651,27-139-0505,27139,MN-Scott,271390505,1,Minnesota,Shakopee,"Minneapolis-St. Paul-Bloomington, MN-WI",B.F. Pearson School,917 DAKOTA ST.,NAD83,44.791437,-93.512534,1.52,0,6/14/02,6/30/24,Yes,NEIGHBORHOOD,500 M TO 4KM,1 HOUR,,INSTRUMENTAL,ULTRA VIOLET ABSORPTION,EQOA-0992-087,Yes,SLAMS,"Minnesota Pollution Control Agency, Division Of Air Quality",Ozone
652,27-145-3052,27145,MN-Stearns,271453052,1,Minnesota,St. Cloud,"St. Cloud, MN",Talahi School,1321 University Dr.,WGS84,45.549839,-94.13345,1.52,0,4/14/03,6/30/24,Yes,NEIGHBORHOOD,500 M TO 4KM,1 HOUR,,INSTRUMENTAL,ULTRA VIOLET ABSORPTION,EQOA-0992-087,Yes,SLAMS,"Minnesota Pollution Control Agency, Division Of Air Quality",Ozone
653,27-163-6016,27163,MN-Washington,271636016,1,Minnesota,,"Minneapolis-St. Paul-Bloomington, MN-WI",St. Croix Watershed Research Station,St. Croix Trail N,WGS84,45.168004,-92.765136,10,234,5/3/12,6/30/24,Yes,NEIGHBORHOOD,500 M TO 4KM,1 HOUR,,INSTRUMENTAL,ULTRA VIOLET ABSORPTION,EQOA-0992-087,Yes,SLAMS,"Minnesota Pollution Control Agency, Division Of Air Quality",Ozone
654,27-171-3201,27171,MN-Wright,271713201,1,Minnesota,St. Michael,"Minneapolis-St. Paul-Bloomington, MN-WI",St. Michael Elementary School,101 Central Ave. W.,NAD83,45.20916,-93.66921,1.52,288,4/14/03,6/30/24,Yes,NEIGHBORHOOD,500 M TO 4KM,1 HOUR,,INSTRUMENTAL,ULTRA VIOLET ABSORPTION,EQOA-0992-087,Yes,SLAMS,"Minnesota Pollution Control Agency, Division Of Air Quality",Ozone
874,39-003-0009,39003,OH-Allen,390030009,1,Ohio,Lima,"Lima, OH",Lima,2650 BIBLE ROAD,NAD83,40.770944,-84.0539,11,268,6/10/09,9/30/24,Yes,NEIGHBORHOOD,500 M TO 4KM,1 HOUR,,INSTRUMENTAL,ULTRA VIOLET,EQOA-0880-047,Yes,SLAMS,"Ohio EPA, Northwest District Office",Ozone
875,39-007-1001,39007,OH-Ashtabula,390071001,1,Ohio,Conneaut,"Ashtabula, OH",Conneaut,770 LAKE RD.,NAD83,41.959695,-80.572808,5,201,8/1/76,9/30/24,Yes,NEIGHBORHOOD,500 M TO 4KM,1 HOUR,,INSTRUMENTAL,ULTRA VIOLET,EQOA-0880-047,Yes,SLAMS,"Ohio EPA, Northeast District Office",Ozone
876,39-017-0018,39017,OH-Butler,390170018,1,Ohio,Middletown,"Cincinnati, OH-KY-IN",Middletown Airport,"1707 Runway Drive, Room #4",NAD83,39.529112,-84.394003,5,195,4/1/10,9/30/24,Yes,URBAN SCALE,4 KM TO 50 KM,1 HOUR,,INSTRUMENTAL,ULTRA VIOLET ABSORPTION,EQOA-0992-087,Yes,SLAMS,Hamilton County Department Of Environmental Services,Ozone
877,39-017-0023,39017,OH-Butler,390170023,1,Ohio,Hamilton,"Cincinnati, OH-KY-IN",Crawford Woods,2200 HENSLEY AVE.,NAD83,39.384671,-84.540537,3,202,3/1/17,9/30/24,Yes,URBAN SCALE,4 KM TO 50 KM,1 HOUR,,INSTRUMENTAL,ULTRA VIOLET ABSORPTION,EQOA-0992-087,Yes,SLAMS,Hamilton County Department Of Environmental Services,Ozone
878,39-017-9991,39017,OH-Butler,390179991,1,Ohio,,"Cincinnati, OH-KY-IN",Oxford,"Ecology Research Center, Miami University, Oxford, Ohio 45056",WGS84,39.5327,-84.7286,7,284,4/1/11,8/31/24,Yes,REGIONAL SCALE,50 TO HUNDREDS KM,1 HOUR,,INSTRUMENTAL,ULTRA VIOLET,EQOA-0880-047,Yes,EPA,USEPA - Clean Air Markets Division,Ozone
879,39-023-0001,39023,OH-Clark,390230001,1,Ohio,Springfield,"Springfield, OH",Springfield Well Fd,5171 URBANA,NAD83,40.00103,-83.80456,5,288,6/14/77,9/30/24,Yes,URBAN SCALE,4 KM TO 50 KM,1 HOUR,,INSTRUMENTAL,ULTRA VIOLET,EQOA-0880-047,Yes,SLAMS,Dayton Regional Air Pollution Control Agency,Ozone
880,39-023-0003,39023,OH-Clark,390230003,1,Ohio,Enon,"Springfield, OH",Mud Run,5400 SPANGLER,NAD83,39.85567,-83.99773,5,259,8/14/85,9/30/24,Yes,URBAN SCALE,4 KM TO 50 KM,1 HOUR,,INSTRUMENTAL,ULTRA VIOLET,EQOA-0880-047,Yes,SLAMS,Dayton Regional Air Pollution Control Agency,Ozone
881,39-025-0022,39025,OH-Clermont,390250022,1,Ohio,Batavia,"Cincinnati, OH-KY-IN",Batavia,2400 CLERMONT CENTER DR.,NAD83,39.0828,-84.1441,5,262,4/1/01,9/30/24,Yes,URBAN SCALE,4 KM TO 50 KM,1 HOUR,,INSTRUMENTAL,ULTRA VIOLET ABSORPTION,EQOA-0992-087,Yes,SLAMS,Hamilton County Department Of Environmental Services,Ozone
882,39-027-1002,39027,OH-Clinton,390271002,1,Ohio,,"Wilmington, OH",Wilmington,"300 Oak Drive Wilmington, 45177",NAD83,39.427535,-83.788916,5,322,4/1/93,9/30/24,Yes,URBAN SCALE,4 KM TO 50 KM,1 HOUR,,INSTRUMENTAL,ULTRA VIOLET ABSORPTION,EQOA-0992-087,Yes,SLAMS,"Ohio EPA, Southwest District Office",Ozone
883,39-035-0034,39035,OH-Cuyahoga,390350034,1,Ohio,Cleveland,"Cleveland-Elyria, OH",District 6,881 E. 152nd ST.,NAD83,41.55523,-81.575256,5,191,12/1/72,9/30/24,Yes,NEIGHBORHOOD,500 M TO 4KM,1 HOUR,,INSTRUMENTAL,ULTRA VIOLET ABSORPTION,EQOA-0992-087,Yes,SLAMS,Cleveland Air Pollution Control Agency,Ozone
884,39-035-0060,39035,OH-Cuyahoga,390350060,1,Ohio,Cleveland,"Cleveland-Elyria, OH",GT Craig NCore PAMS,E. 14TH & ORANGE,NAD83,41.492117,-81.678449,5,206,7/28/09,9/30/24,Yes,NEIGHBORHOOD,500 M TO 4KM,1 HOUR,,INSTRUMENTAL,ULTRA VIOLET ABSORPTION,EQOA-0992-087,Yes,SLAMS,Cleveland Air Pollution Control Agency,Ozone
885,39-035-0064,39035,OH-Cuyahoga,390350064,1,Ohio,Berea,"Cleveland-Elyria, OH",Berea BOE,390 FAIR ST.,NAD83,41.361835,-81.86457,5,245,4/1/94,9/30/24,Yes,NEIGHBORHOOD,500 M TO 4KM,1 HOUR,,INSTRUMENTAL,ULTRA VIOLET ABSORPTION,EQOA-0992-087,Yes,SLAMS,Cleveland Air Pollution Control Agency,Ozone
886,39-035-5002,39035,OH-Cuyahoga,390355002,1,Ohio,Mayfield,"Cleveland-Elyria, OH",Mayfield,6116 WILSON MILLS,NAD83,41.536942,-81.458871,5,315.5,4/12/85,9/30/24,Yes,URBAN SCALE,4 KM TO 50 KM,1 HOUR,,INSTRUMENTAL,ULTRA VIOLET ABSORPTION,EQOA-0992-087,Yes,SLAMS,Cleveland Air Pollution Control Agency,Ozone
887,39-041-0002,39041,OH-Delaware,390410002,1,Ohio,Delaware,"Columbus, OH",Delaware,359 MAIN RD.,NAD83,40.356694,-83.063971,5,275,4/1/97,9/30/24,Yes,URBAN SCALE,4 KM TO 50 KM,1 HOUR,,INSTRUMENTAL,ULTRA VIOLET,EQOA-0880-047,Yes,SLAMS,"Ohio EPA, Central District Office",Ozone
888,39-049-0029,39049,OH-Franklin,390490029,1,Ohio,New Albany,"Columbus, OH",New Albany,7600 FODOR RD.,NAD83,40.084514,-82.815585,5,311,4/1/01,9/30/24,Yes,URBAN SCALE,4 KM TO 50 KM,1 HOUR,,INSTRUMENTAL,ULTRA VIOLET,EQOA-0880-047,Yes,SLAMS,"Ohio EPA, Central District Office",Ozone
889,39-049-0081,39049,OH-Franklin,390490081,1,Ohio,Columbus,"Columbus, OH",Maple Canyon,5750 MAPLE CANYON,NAD83,40.0877,-82.959773,5,271,7/1/72,9/30/24,Yes,URBAN SCALE,4 KM TO 50 KM,1 HOUR,,INSTRUMENTAL,ULTRA VIOLET ABSORPTION,EQOA-0992-087,Yes,SLAMS,"Ohio EPA, Central District Office",Ozone
890,39-055-0004,39055,OH-Geauga,390550004,1,Ohio,,"Cleveland-Elyria, OH",Notre Dame,13000 AUBURN,NAD83,41.515051,-81.249906,5,400,4/1/97,9/30/24,Yes,URBAN SCALE,4 KM TO 50 KM,1 HOUR,,INSTRUMENTAL,ULTRA VIOLET ABSORPTION,EQOA-0992-087,Yes,SLAMS,Lake County Health Department Division Air Pollution Control,Ozone
891,39-057-0006,39057,OH-Greene,390570006,1,Ohio,Xenia,"Dayton, OH",Xenia,"541 LEDBETTER RD.,",NAD83,39.66575,-83.94268,5,285,4/1/97,9/30/24,Yes,URBAN SCALE,4 KM TO 50 KM,1 HOUR,,INSTRUMENTAL,ULTRA VIOLET,EQOA-0880-047,Yes,SLAMS,Dayton Regional Air Pollution Control Agency,Ozone
892,39-061-0006,39061,OH-Hamilton,390610006,1,Ohio,Blue Ash,"Cincinnati, OH-KY-IN",Sycamore,11590 GROOMS RD,NAD83,39.2787,-84.36625,5,259,6/1/75,9/30/24,Yes,URBAN SCALE,4 KM TO 50 KM,1 HOUR,,INSTRUMENTAL,ULTRA VIOLET ABSORPTION,EQOA-0992-087,Yes,SLAMS,Hamilton County Department Of Environmental Services,Ozone
893,39-061-0010,39061,OH-Hamilton,390610010,1,Ohio,Cleves,"Cincinnati, OH-KY-IN",Colerain,6950 RIPPLE RD.,NAD83,39.21487,-84.69086,5,158,4/1/78,9/30/24,Yes,URBAN SCALE,4 KM TO 50 KM,1 HOUR,,INSTRUMENTAL,ULTRA VIOLET ABSORPTION,EQOA-0992-087,Yes,SLAMS,Hamilton County Department Of Environmental Services,Ozone
894,39-061-0040,39061,OH-Hamilton,390610040,1,Ohio,Cincinnati,"Cincinnati, OH-KY-IN",Taft NCore PAMS,250 WM. HOWARD TAFT,NAD83,39.12886,-84.50404,5,256,4/1/99,9/30/24,Yes,NEIGHBORHOOD,500 M TO 4KM,1 HOUR,,INSTRUMENTAL,ULTRA VIOLET ABSORPTION,EQOA-0992-087,Yes,SLAMS,Hamilton County Department Of Environmental Services,Ozone
895,39-081-0017,39081,OH-Jefferson,390810017,1,Ohio,Steubenville,"Weirton-Steubenville, WV-OH",Steubenville,618 LOGAN ST.,WGS84,40.3663,-80.6158,5,222,4/1/04,9/30/24,Yes,NEIGHBORHOOD,500 M TO 4KM,1 HOUR,,INSTRUMENTAL,ULTRA VIOLET ABSORPTION,EQOA-0992-087,Yes,SLAMS,"Ohio EPA, Southeast District Office",Ozone
896,39-083-0003,39083,OH-Knox,390830003,1,Ohio,Centerburg,"Mount Vernon, OH",Centerburg WWTP,4625 LOCK RD.,NAD83,40.27886,-82.679563,3,355,3/1/18,9/30/24,Yes,URBAN SCALE,4 KM TO 50 KM,1 HOUR,,INSTRUMENTAL,ULTRA VIOLET,EQOA-0880-047,Yes,SLAMS,"Ohio EPA, Central District Office",Ozone
897,39-085-0003,39085,OH-Lake,390850003,1,Ohio,Eastlake,"Cleveland-Elyria, OH",Eastlake,36010 LAKESHORE,NAD83,41.673006,-81.422455,5,187.5,6/11/85,9/30/24,Yes,NEIGHBORHOOD,500 M TO 4KM,1 HOUR,,INSTRUMENTAL,ULTRA VIOLET ABSORPTION,EQOA-0992-087,Yes,SLAMS,Lake County Health Department Division Air Pollution Control,Ozone
898,39-085-0007,39085,OH-Lake,390850007,1,Ohio,Painesville,"Cleveland-Elyria, OH",Painesville,177 MAIN STREET,NAD83,41.726811,-81.242156,5,203,4/1/09,9/30/24,Yes,URBAN SCALE,4 KM TO 50 KM,1 HOUR,,INSTRUMENTAL,ULTRA VIOLET ABSORPTION,EQOA-0992-087,Yes,SLAMS,Lake County Health Department Division Air Pollution Control,Ozone
899,39-087-0011,39087,OH-Lawrence,390870011,1,Ohio,,"Huntington-Ashland, WV-KY-OH",Wilgus,"S.R. 141, WILGUS",NAD83,38.62901,-82.45886,5,195,4/1/95,9/30/24,Yes,NEIGHBORHOOD,500 M TO 4KM,1 HOUR,,INSTRUMENTAL,ULTRA VIOLET ABSORPTION,EQOA-0992-087,Yes,SLAMS,Portsmouth City Health Dept Division Air Pollution Control,Ozone
900,39-087-0012,39087,OH-Lawrence,390870012,1,Ohio,Ironton,"Huntington-Ashland, WV-KY-OH",ODOT Ironton,450 Commerce Drive,NAD83,38.508075,-82.659241,5,163,4/1/10,9/30/24,Yes,NEIGHBORHOOD,500 M TO 4KM,1 HOUR,,INSTRUMENTAL,ULTRA VIOLET ABSORPTION,EQOA-0992-087,Yes,SLAMS,Portsmouth City Health Dept Division Air Pollution Control,Ozone
901,39-089-0005,39089,OH-Licking,390890005,1,Ohio,Heath (Fourmile Lock),"Columbus, OH",Heath,310 LICKING VIEW DR.,NAD83,40.026037,-82.432996,5,260,4/1/91,9/30/24,Yes,URBAN SCALE,4 KM TO 50 KM,1 HOUR,,INSTRUMENTAL,ULTRA VIOLET,EQOA-0880-047,Yes,SLAMS,"Ohio EPA, Central District Office",Ozone
902,39-089-0008,39089,OH-Licking,390890008,1,Ohio,Reynoldsburg,"Columbus, OH",Reynoldsburg,8955 EAST MAIN ST.,NAD83,39.954457,-82.75892,3,311,3/1/18,9/30/24,Yes,NEIGHBORHOOD,500 M TO 4KM,1 HOUR,,INSTRUMENTAL,ULTRA VIOLET,EQOA-0880-047,Yes,SLAMS,"Ohio EPA, Central District Office",Ozone
903,39-093-0018,39093,OH-Lorain,390930018,1,Ohio,Sheffield,"Cleveland-Elyria, OH",Sheffield,4706 DETROIT RD.,NAD83,41.420882,-82.095729,5,205,4/1/05,9/30/24,Yes,NEIGHBORHOOD,500 M TO 4KM,1 HOUR,,INSTRUMENTAL,ULTRA VIOLET,EQOA-0880-047,Yes,SLAMS,"Ohio EPA, Northeast District Office",Ozone
904,39-095-0024,39095,OH-Lucas,390950024,1,Ohio,Toledo,"Toledo, OH",Erie,348 S. ERIE,NAD83,41.644067,-83.54616,5,176,4/1/98,9/30/24,Yes,NEIGHBORHOOD,500 M TO 4KM,1 HOUR,,INSTRUMENTAL,ULTRA VIOLET ABSORPTION,EQOA-0992-087,Yes,SLAMS,"City of Toledo, Environmental Services Division",Ozone
905,39-095-0027,39095,OH-Lucas,390950027,1,Ohio,Waterville,"Toledo, OH",Waterville,200 SOUTH RIVER RD.,NAD83,41.4942,-83.718949,5,187,6/17/99,9/30/24,Yes,NEIGHBORHOOD,500 M TO 4KM,1 HOUR,,INSTRUMENTAL,ULTRA VIOLET,EQOA-0880-047,Yes,SLAMS,"City of Toledo, Environmental Services Division",Ozone
906,39-095-0035,39095,OH-Lucas,390950035,1,Ohio,,"Toledo, OH",Cooley,"10739 CORDUROY RD., CURTICE, OHIO",NAD83,41.669001,-83.28717,5,175,8/18/16,9/30/24,Yes,URBAN SCALE,4 KM TO 50 KM,1 HOUR,,INSTRUMENTAL,ULTRA VIOLET,EQOA-0880-047,Yes,SLAMS,"City of Toledo, Environmental Services Division",Ozone
907,39-097-0007,39097,OH-Madison,390970007,1,Ohio,,"Columbus, OH",London,9940 SR 38 SW,NAD83,39.78819,-83.47606,5,331,4/1/93,9/30/24,Yes,URBAN SCALE,4 KM TO 50 KM,1 HOUR,,INSTRUMENTAL,ULTRA VIOLET,EQOA-0880-047,Yes,SLAMS,"Ohio EPA, Central District Office",Ozone
908,39-099-0015,39099,OH-Mahoning,390990015,1,Ohio,Youngstown,"Youngstown-Warren-Boardman, OH-PA",Youngstown State,91 Wick Oval Street,WGS84,41.1061822,-80.64057637,2.6,267.6,3/1/22,9/30/24,Yes,NEIGHBORHOOD,500 M TO 4KM,1 HOUR,,INSTRUMENTAL,ULTRA VIOLET,EQOA-0880-047,Yes,SLAMS,"Ohio EPA, Northeast District Office",Ozone
909,39-103-0004,39103,OH-Medina,391030004,1,Ohio,,"Cleveland-Elyria, OH",Chippewa,BALLASH ROAD,NAD83,41.0604,-81.9239,5,322,9/1/09,9/30/24,Yes,URBAN SCALE,4 KM TO 50 KM,1 HOUR,,INSTRUMENTAL,ULTRA VIOLET,EQOA-0880-047,Yes,SLAMS,Akron Regional Air Pollution Control Agency,Ozone
910,39-109-0005,39109,OH-Miami,391090005,1,Ohio,Casstown,"Dayton, OH",Miami East HS,3825 NORTH S. R. 589,NAD83,40.08502,-84.113808,5,301,4/13/93,9/30/24,Yes,URBAN SCALE,4 KM TO 50 KM,1 HOUR,,INSTRUMENTAL,ULTRA VIOLET,EQOA-0880-047,Yes,SLAMS,Dayton Regional Air Pollution Control Agency,Ozone
911,39-113-0037,39113,OH-Montgomery,391130037,1,Ohio,Dayton,"Dayton, OH",Eastwood,1401 Harshman Road,NAD83,39.785644,-84.134412,5,243,5/1/08,9/30/24,Yes,URBAN SCALE,4 KM TO 50 KM,1 HOUR,,INSTRUMENTAL,ULTRA VIOLET,EQOA-0880-047,Yes,SLAMS,Dayton Regional Air Pollution Control Agency,Ozone
912,39-121-9991,39121,OH-Noble,391219991,1,Ohio,,,Quaker City,"58163 St. Johns Rd, Quaker City, OH 43773",WGS84,39.9428,-81.3373,7,372,1/1/11,8/31/24,Yes,REGIONAL SCALE,50 TO HUNDREDS KM,1 HOUR,,INSTRUMENTAL,ULTRA VIOLET,EQOA-0880-047,Yes,EPA,USEPA - Clean Air Markets Division,Ozone
913,39-133-1001,39133,OH-Portage,391331001,1,Ohio,,"Akron, OH",Lake Rockwell,1570 RAVENNA RD.,NAD83,41.182466,-81.330486,5,328,6/20/78,9/30/24,Yes,URBAN SCALE,4 KM TO 50 KM,1 HOUR,,INSTRUMENTAL,ULTRA VIOLET ABSORPTION,EQOA-0992-087,Yes,SLAMS,Akron Regional Air Pollution Control Agency,Ozone
914,39-135-1001,39135,OH-Preble,391351001,1,Ohio,New Paris,"Dayton, OH",Preble NCore,6940 OXFORD GETTYSBURG RD.,NAD83,39.83562,-84.720524,5,357,1/1/76,9/30/24,Yes,REGIONAL SCALE,50 TO HUNDREDS KM,1 HOUR,,INSTRUMENTAL,ULTRA VIOLET,EQOA-0880-047,Yes,SLAMS,Dayton Regional Air Pollution Control Agency,Ozone
915,39-151-0016,39151,OH-Stark,391510016,1,Ohio,Canton,"Canton-Massillon, OH",Malone Univ,515 25TH. ST.,NAD83,40.82812,-81.3785,5,368.8,5/1/81,9/30/24,Yes,NEIGHBORHOOD,500 M TO 4KM,1 HOUR,,INSTRUMENTAL,ULTRA VIOLET,EQOA-0880-047,Yes,SLAMS,Canton City Health Department Air Pollution Control,Ozone
916,39-151-0022,39151,OH-Stark,391510022,1,Ohio,Brewster,"Canton-Massillon, OH",Brewster,"45 S. WABASH AVENUE, S.R 93",WGS84,40.712703,-81.598078,5,298,6/29/07,9/30/24,Yes,URBAN SCALE,4 KM TO 50 KM,1 HOUR,,INSTRUMENTAL,ULTRA VIOLET,EQOA-0880-047,Yes,SLAMS,Canton City Health Department Air Pollution Control,Ozone
917,39-151-4005,39151,OH-Stark,391514005,1,Ohio,Alliance,"Canton-Massillon, OH",Alliance,1175 WEST VINE,NAD83,40.93133,-81.123519,5,330,5/30/91,9/30/24,Yes,URBAN SCALE,4 KM TO 50 KM,1 HOUR,,INSTRUMENTAL,ULTRA VIOLET,EQOA-0880-047,Yes,SLAMS,Canton City Health Department Air Pollution Control,Ozone
918,39-153-0026,39153,OH-Summit,391530026,1,Ohio,Akron,"Akron, OH",North HS,985 Gorge Blvd.,WGS84,41.103028,-81.496253,4.572,317,3/18/21,9/30/24,Yes,URBAN SCALE,4 KM TO 50 KM,1 HOUR,,INSTRUMENTAL,ULTRA VIOLET ABSORPTION,EQOA-0992-087,Yes,SLAMS,Akron Regional Air Pollution Control Agency,Ozone
919,39-155-0011,39155,OH-Trumbull,391550011,1,Ohio,,"Youngstown-Warren-Boardman, OH-PA",TCSE,842 YOUNGSTOWN-KINGSVILLE RD.,NAD83,41.240453,-80.66272,5,356.6,4/1/02,9/30/24,Yes,URBAN SCALE,4 KM TO 50 KM,1 HOUR,,INSTRUMENTAL,ULTRA VIOLET,EQOA-0880-047,Yes,SLAMS,"Ohio EPA, Northeast District Office",Ozone
920,39-155-0013,39155,OH-Trumbull,391550013,1,Ohio,,"Youngstown-Warren-Boardman, OH-PA",Kinsman Maintenance,6380 S.R. 87. KINSMAN,NAD83,41.454568,-80.589528,5,295.6,4/1/15,9/30/24,Yes,REGIONAL SCALE,50 TO HUNDREDS KM,1 HOUR,,INSTRUMENTAL,ULTRA VIOLET,EQOA-0880-047,Yes,SLAMS,"Ohio EPA, Northeast District Office",Ozone
921,39-165-0007,39165,OH-Warren,391650007,1,Ohio,Lebanon,"Cincinnati, OH-KY-IN",Lebanon,430 S EAST ST.,NAD83,39.42689,-84.20077,5,234,5/14/03,9/30/24,Yes,URBAN SCALE,4 KM TO 50 KM,1 HOUR,,INSTRUMENTAL,ULTRA VIOLET ABSORPTION,EQOA-0992-087,Yes,SLAMS,Hamilton County Department Of Environmental Services,Ozone
922,39-167-0004,39167,OH-Washington,391670004,1,Ohio,Marietta,"Marietta, OH",Marietta WTP,2000 4TH STREET,NAD83,39.432117,-81.460443,5,248,7/18/90,9/30/24,Yes,URBAN SCALE,4 KM TO 50 KM,1 HOUR,,INSTRUMENTAL,ULTRA VIOLET,EQOA-0880-047,Yes,SLAMS,"Ohio EPA, Southeast District Office",Ozone
923,39-173-0003,39173,OH-Wood,391730003,1,Ohio,Bowling Green,"Toledo, OH",Bowling Green,347 N DUNBRIDGE,NAD83,41.377685,-83.611104,12,204,4/1/97,9/30/24,Yes,NEIGHBORHOOD,500 M TO 4KM,1 HOUR,,INSTRUMENTAL,ULTRA VIOLET ABSORPTION,EQOA-0992-087,Yes,SLAMS,"Ohio EPA, Northwest District Office",Ozone
1219,55-003-0010,55003,WI-Ashland,550030010,1,Wisconsin,,,BAD RIVER TRIBAL SCHOOL - ODANAH,BAD RIVER TRIBAL SCHOOL - ODANAH,WGS84,46.60234,-90.65615,5,192,7/30/04,6/30/24,Yes,REGIONAL SCALE,50 TO HUNDREDS KM,1 HOUR,,INSTRUMENTAL,ULTRA VIOLET ABSORPTION,EQOA-0992-087,Yes,TRIBAL,"Wisconsin Dept Of Natural Resources, Air Monitoring Section",Ozone
1220,55-009-0026,55009,WI-Brown,550090026,1,Wisconsin,Green Bay,"Green Bay, WI",GREEN BAY - UW,"UW Green Bay, E Circle Drive",WGS84,44.53098,-87.90799,151.82,212,4/18/94,6/30/24,Yes,URBAN SCALE,4 KM TO 50 KM,1 HOUR,,INSTRUMENTAL,ULTRA VIOLET ABSORPTION,EQOA-0992-087,Yes,SLAMS,"Wisconsin Dept Of Natural Resources, Air Monitoring Section",Ozone
1221,55-021-0015,55021,WI-Columbia,550210015,1,Wisconsin,,"Madison, WI",COLUMBUS,"1045 WENDT RD, COLUMBUS",WGS84,43.31551,-89.10889,0,306,8/10/88,6/30/24,Yes,REGIONAL SCALE,50 TO HUNDREDS KM,1 HOUR,,INSTRUMENTAL,ULTRA VIOLET ABSORPTION,EQOA-0992-087,Yes,SLAMS,"Wisconsin Dept Of Natural Resources, Air Monitoring Section",Ozone
1222,55-025-0041,55025,WI-Dane,550250041,1,Wisconsin,Madison,"Madison, WI",MADISON EAST, 2302 HOARD ST,WGS84,43.10101,-89.35768,2,260,4/15/92,6/30/24,Yes,URBAN SCALE,4 KM TO 50 KM,1 HOUR,,INSTRUMENTAL,ULTRA VIOLET ABSORPTION,EQOA-0992-087,Yes,SLAMS,"Wisconsin Dept Of Natural Resources, Air Monitoring Section",Ozone
1223,55-027-0001,55027,WI-Dodge,550270001,2,Wisconsin,Kekoskee,"Beaver Dam, WI",HORICON WILDLIFE AREA,"Horicon Wildlife Area, 1210 N Palmatory St",WGS84,43.46611,-88.62111,2,286.5,1/22/10,6/30/24,Yes,REGIONAL SCALE,50 TO HUNDREDS KM,1 HOUR,,INSTRUMENTAL,ULTRA VIOLET ABSORPTION,EQOA-0992-087,Yes,SLAMS,"Wisconsin Dept Of Natural Resources, Air Monitoring Section",Ozone
1224,55-029-0004,55029,WI-Door,550290004,1,Wisconsin,,,NEWPORT PARK,475 Newport Park Rd,NAD83,45.2384,-86.994,2,195,4/15/89,6/30/24,Yes,NEIGHBORHOOD,500 M TO 4KM,1 HOUR,,INSTRUMENTAL,ULTRA VIOLET ABSORPTION,EQOA-0992-087,Yes,SLAMS,"Wisconsin Dept Of Natural Resources, Air Monitoring Section",Ozone
1225,55-035-0014,55035,WI-Eau Claire,550350014,1,Wisconsin,Eau Claire,"Eau Claire, WI",EAU CLAIRE - DOT SIGN SHOP,"5509 Highway 53 South, Eau Claire",WGS84,44.76249,-91.41445,5,282,4/1/11,6/30/24,Yes,URBAN SCALE,4 KM TO 50 KM,1 HOUR,,INSTRUMENTAL,ULTRA VIOLET ABSORPTION,EQOA-0992-087,Yes,SLAMS,"Wisconsin Dept Of Natural Resources, Air Monitoring Section",Ozone
1226,55-039-0006,55039,WI-Fond du Lac,550390006,1,Wisconsin,,"Fond du Lac, WI",FOND DU LAC," N3996 KELLY RD, TWN BYRON",WGS84,43.6874,-88.42205,4,323,4/22/94,6/30/24,Yes,REGIONAL SCALE,50 TO HUNDREDS KM,1 HOUR,,INSTRUMENTAL,ULTRA VIOLET ABSORPTION,EQOA-0992-087,Yes,SLAMS,"Wisconsin Dept Of Natural Resources, Air Monitoring Section",Ozone
1227,55-041-0007,55041,WI-Forest,550410007,1,Wisconsin,,,POTAWATOMI,"FIRE TOWER RD, POTAWATOMI SITE",WGS84,45.56498,-88.80859,0.01,559,1/7/04,6/30/24,Yes,REGIONAL SCALE,50 TO HUNDREDS KM,1 HOUR,,INSTRUMENTAL,ULTRA VIOLET ABSORPTION,EQOA-0992-087,Yes,TRIBAL,"Wisconsin Dept Of Natural Resources, Air Monitoring Section",Ozone
1228,55-055-0009,55055,WI-Jefferson,550550009,1,Wisconsin,,"Watertown-Fort Atkinson, WI",JEFFERSON - LAATSCH,N4440 Laatsch Lane,WGS84,43.0034,-88.8283,1,259,4/8/13,6/30/24,Yes,REGIONAL SCALE,50 TO HUNDREDS KM,1 HOUR,,INSTRUMENTAL,ULTRA VIOLET ABSORPTION,EQOA-0992-087,Yes,SLAMS,"Wisconsin Dept Of Natural Resources, Air Monitoring Section",Ozone
1229,55-059-0019,55059,WI-Kenosha,550590019,1,Wisconsin,Pleasant Prairie,"Chicago-Naperville-Elgin, IL-IN-WI",CHIWAUKEE PRAIRIE STATELINE,"CHIWAUKEE PRAIRIE, 11838 FIRST COURT",WGS84,42.50472,-87.8093,3,187,4/15/88,6/30/24,Yes,NEIGHBORHOOD,500 M TO 4KM,1 HOUR,,INSTRUMENTAL,ULTRA VIOLET ABSORPTION,EQOA-0992-087,Yes,SLAMS,"Wisconsin Dept Of Natural Resources, Air Monitoring Section",Ozone
1230,55-059-0025,55059,WI-Kenosha,550590025,1,Wisconsin,Kenosha,"Chicago-Naperville-Elgin, IL-IN-WI",KENOSHA - WATER TOWER,4504 64th Ave.,WGS84,42.5956,-87.88576,5,228,5/13/13,6/30/24,Yes,NEIGHBORHOOD,500 M TO 4KM,1 HOUR,,INSTRUMENTAL,ULTRA VIOLET ABSORPTION,EQOA-0992-087,Yes,SPM,"Wisconsin Dept Of Natural Resources, Air Monitoring Section",Ozone
1231,55-061-0002,55061,WI-Kewaunee,550610002,1,Wisconsin,Kewaunee,"Green Bay, WI",KEWAUNEE,1630 Milwaukee St,WGS84,44.44312,-87.50525,2,207,4/6/94,6/30/24,Yes,NEIGHBORHOOD,500 M TO 4KM,1 HOUR,,INSTRUMENTAL,ULTRA VIOLET ABSORPTION,EQOA-0992-087,Yes,SLAMS,"Wisconsin Dept Of Natural Resources, Air Monitoring Section",Ozone
1232,55-063-0012,55063,WI-La Crosse,550630012,1,Wisconsin,La Crosse,"La Crosse-Onalaska, WI-MN",LACROSSE - DOT BUILDING,3550 MORMON COULEE RD,WGS84,43.7775,-91.2269,5,667,2/27/08,6/30/24,Yes,REGIONAL SCALE,50 TO HUNDREDS KM,1 HOUR,,INSTRUMENTAL,ULTRA VIOLET ABSORPTION,EQOA-0992-087,Yes,SLAMS,"Wisconsin Dept Of Natural Resources, Air Monitoring Section",Ozone
1233,55-071-0007,55071,WI-Manitowoc,550710007,1,Wisconsin,Manitowoc,"Manitowoc, WI",MANITOWOC - WDLND DUNES,2193 E Goodwin Rd,WGS84,44.13862,-87.61612,2,182,4/5/94,6/30/24,Yes,NEIGHBORHOOD,500 M TO 4KM,1 HOUR,,INSTRUMENTAL,ULTRA VIOLET ABSORPTION,EQOA-0992-087,Yes,SLAMS,"Wisconsin Dept Of Natural Resources, Air Monitoring Section",Ozone
1234,55-073-0012,55073,WI-Marathon,550730012,1,Wisconsin,,"Wausau, WI",LAKE DUBAY,"LAKE DUBAY, 1804 Bergen Rd",WGS84,44.70735,-89.77192,5,381,9/25/91,6/30/24,Yes,REGIONAL SCALE,50 TO HUNDREDS KM,1 HOUR,,INSTRUMENTAL,ULTRA VIOLET ABSORPTION,EQOA-0992-087,Yes,SLAMS,"Wisconsin Dept Of Natural Resources, Air Monitoring Section",Ozone
1235,55-079-0010,55079,WI-Milwaukee,550790010,1,Wisconsin,Milwaukee,"Milwaukee-Waukesha-West Allis, WI",MILWAUKEE - SIXTEENTH ST. HEALTH CENTER,"HEALTH CENTER, 1337 SO 16TH ST",WGS84,43.01724,-87.93369,3,200,6/24/03,6/30/24,Yes,NEIGHBORHOOD,500 M TO 4KM,1 HOUR,,INSTRUMENTAL,ULTRA VIOLET ABSORPTION,EQOA-0992-087,Yes,SLAMS,"Wisconsin Dept Of Natural Resources, Air Monitoring Section",Ozone
1236,55-079-0068,55079,WI-Milwaukee,550790068,1,Wisconsin,Milwaukee,"Milwaukee-Waukesha-West Allis, WI",MILWAUKEE - UWM UPARK,4372 North Humboldt Blvd,WGS84,43.09456,-87.90144,10,184,3/18/21,6/30/24,Yes,NEIGHBORHOOD,500 M TO 4KM,1 HOUR,,INSTRUMENTAL,ULTRA VIOLET ABSORPTION,EQOA-0992-087,Yes,SLAMS,"Wisconsin Dept Of Natural Resources, Air Monitoring Section",Ozone
1237,55-079-0085,55079,WI-Milwaukee,550790085,1,Wisconsin,Bayside,"Milwaukee-Waukesha-West Allis, WI",BAYSIDE,601 E. ELLSWORTH LANE,NAD83,43.1818,-87.901,15,213,5/1/84,6/30/24,Yes,NEIGHBORHOOD,500 M TO 4KM,1 HOUR,,INSTRUMENTAL,ULTRA VIOLET ABSORPTION,EQOA-0992-087,Yes,SLAMS,"Wisconsin Dept Of Natural Resources, Air Monitoring Section",Ozone
1238,55-087-0009,55087,WI-Outagamie,550870009,1,Wisconsin,Appleton,"Appleton, WI",APPLETON - AAL,4579 N. Meade Street,WGS84,44.30738,-88.39509,2,240,4/15/95,6/30/24,Yes,URBAN SCALE,4 KM TO 50 KM,1 HOUR,,INSTRUMENTAL,ULTRA VIOLET ABSORPTION,EQOA-0992-087,Yes,SLAMS,"Wisconsin Dept Of Natural Resources, Air Monitoring Section",Ozone
1239,55-089-0008,55089,WI-Ozaukee,550890008,1,Wisconsin,,"Milwaukee-Waukesha-West Allis, WI",GRAFTON,1866 N Port Washington Rd,WGS84,43.34317,-87.92087,3,229,6/5/91,6/30/24,Yes,NEIGHBORHOOD,500 M TO 4KM,1 HOUR,,INSTRUMENTAL,ULTRA VIOLET ABSORPTION,EQOA-0992-087,Yes,SLAMS,"Wisconsin Dept Of Natural Resources, Air Monitoring Section",Ozone
1240,55-089-0009,55089,WI-Ozaukee,550890009,1,Wisconsin,,"Milwaukee-Waukesha-West Allis, WI",HARRINGTON BEACH PARK,485 County Hwy D,WGS84,43.4983,-87.8102,15,211,6/8/94,6/30/24,Yes,URBAN SCALE,4 KM TO 50 KM,1 HOUR,,INSTRUMENTAL,ULTRA VIOLET ABSORPTION,EQOA-0992-087,Yes,SLAMS,"Wisconsin Dept Of Natural Resources, Air Monitoring Section",Ozone
1241,55-101-0020,55101,WI-Racine,551010020,1,Wisconsin,,"Racine, WI",RACINE - PAYNE AND DOLAN,4500 Charles St.,WGS84,42.77711,-87.79689,9,196,4/14/15,6/30/24,Yes,REGIONAL SCALE,50 TO HUNDREDS KM,1 HOUR,,INSTRUMENTAL,ULTRA VIOLET ABSORPTION,EQOA-0992-087,Yes,SLAMS,"Wisconsin Dept Of Natural Resources, Air Monitoring Section",Ozone
1242,55-105-0030,55105,WI-Rock,551050030,1,Wisconsin,Beloit,"Janesville-Beloit, WI",BELOIT - CONVERSE,1501 Ritsher St.,WGS84,42.51831,-89.06347,10,243,7/19/13,6/30/24,Yes,URBAN SCALE,4 KM TO 50 KM,1 HOUR,,INSTRUMENTAL,ULTRA VIOLET ABSORPTION,EQOA-0992-087,Yes,SLAMS,"Wisconsin Dept Of Natural Resources, Air Monitoring Section",Ozone
1243,55-111-0007,55111,WI-Sauk,551110007,1,Wisconsin,,"Baraboo, WI",DEVILS LAKE PARK,"DEVILS LAKE STATE PARK, E12886 TOWER RD",WGS84,43.4351,-89.67979,5,392,5/11/95,6/30/24,Yes,REGIONAL SCALE,50 TO HUNDREDS KM,1 HOUR,,INSTRUMENTAL,ULTRA VIOLET ABSORPTION,EQOA-0992-087,Yes,SLAMS,"Wisconsin Dept Of Natural Resources, Air Monitoring Section",Ozone
1244,55-117-0006,55117,WI-Sheboygan,551170006,1,Wisconsin,,"Sheboygan, WI",SHEBOYGAN - KOHLER ANDRAE,"KOHLER ANDRE PARK, 1520 Beach Park Rd.",WGS84,43.66737,-87.71631,10,182,6/26/97,6/30/24,Yes,NEIGHBORHOOD,500 M TO 4KM,1 HOUR,,INSTRUMENTAL,ULTRA VIOLET ABSORPTION,EQOA-0992-087,Yes,SLAMS,"Wisconsin Dept Of Natural Resources, Air Monitoring Section",Ozone
1245,55-117-0009,55117,WI-Sheboygan,551170009,1,Wisconsin,Sheboygan,"Sheboygan, WI",SHEBOYGAN - HAVEN,N7563 Hwy 42,NAD83,43.8155955,-87.7922345,10,226,4/2/14,6/30/24,Yes,NEIGHBORHOOD,500 M TO 4KM,1 HOUR,,INSTRUMENTAL,ULTRA VIOLET ABSORPTION,EQOA-0992-087,Yes,SPM,"Wisconsin Dept Of Natural Resources, Air Monitoring Section",Ozone
1246,55-119-9991,55119,WI-Taylor,551199991,1,Wisconsin,,,Perkinstown,"W 10746 County Highway M, Medford, WI 54451",WGS84,45.2066,-90.5969,7,472,4/1/11,8/31/24,Yes,REGIONAL SCALE,50 TO HUNDREDS KM,1 HOUR,,INSTRUMENTAL,ULTRA VIOLET,EQOA-0880-047,Yes,EPA,USEPA - Clean Air Markets Division,Ozone
1247,55-125-0001,55125,WI-Vilas,551250001,1,Wisconsin,,,TROUT LAKE,"TROUT LAKE NURSERY, 10810 COUNTY HWY M",NAD83,46.0519,-89.654,8.8,503,12/16/92,6/30/24,Yes,REGIONAL SCALE,50 TO HUNDREDS KM,1 HOUR,,INSTRUMENTAL,ULTRA VIOLET ABSORPTION,EQOA-0992-087,Yes,SLAMS,"Wisconsin Dept Of Natural Resources, Air Monitoring Section",Ozone
1248,55-127-0006,55127,WI-Walworth,551270006,1,Wisconsin,Elkhorn,"Whitewater-Elkhorn, WI",,3692 County Road NN,WGS84,42.66218,-88.48703,10,318,3/1/19,6/30/24,Yes,REGIONAL SCALE,50 TO HUNDREDS KM,1 HOUR,,INSTRUMENTAL,ULTRA VIOLET ABSORPTION,EQOA-0992-087,Yes,SLAMS,"Wisconsin Dept Of Natural Resources, Air Monitoring Section",Ozone
1249,55-133-0027,55133,WI-Waukesha,551330027,1,Wisconsin,Waukesha,"Milwaukee-Waukesha-West Allis, WI",WAUKESHA - CLEVELAND AVE,1310 CLEVELAND AVE,WGS84,43.02007538,-88.21506996,3,261,4/27/04,6/30/24,Yes,URBAN SCALE,4 KM TO 50 KM,1 HOUR,,INSTRUMENTAL,ULTRA VIOLET ABSORPTION,EQOA-0992-087,Yes,SLAMS,"Wisconsin Dept Of Natural Resources, Air Monitoring Section",Ozone