UACE20,GEOID20,GEOIDFQ20,NAME20,NAMELSAD20,urban_mean,STATEFP,GEOID,STUSPS,NAME,rural_mean,urban_inc
77230,77230,400C200US77230,"St. Augustine, FL","St. Augustine, FL Urban Area",7.295228243,12,12,FL,Florida,6.210653346,1.085
85087,85087,400C200US85087,"Stockton, CA","Stockton, CA Urban Area",8.568391333,6,6,CA,California,5.820606312,2.748
60625,60625,400C200US60625,"Muncie, IN","Muncie, IN Urban Area",7.682585937,18,18,IN,Indiana,7.004757482,0.678
40375,40375,400C200US40375,"Houma, LA","Houma, LA Urban Area",8.148317404,22,22,LA,Louisiana,7.563901787,0.584
83332,83332,400C200US83332,"South Lyon--Hamburg--Genoa, MI","South Lyon--Hamburg--Genoa, MI Urban Area",7.888548231,26,26,MI,Michigan,5.145389178,2.743
83953,83953,400C200US83953,"Springfield, MO","Springfield, MO Urban Area",6.812423137,29,29,MO,Missouri,6.404036629,0.408
83116,83116,400C200US83116,"South Bend, IN--MI","South Bend, IN--MI Urban Area",7.577753756,18,18,IN,Indiana,7.004757482,0.573
49096,49096,400C200US49096,"Leominster--Fitchburg, MA","Leominster--Fitchburg, MA Urban Area",6.157283336,25,25,MA,Massachusetts,4.704029792,1.453
55981,55981,400C200US55981,"Medford, OR","Medford, OR Urban Area",7.623727843,41,41,OR,Oregon,5.347523912,2.276
97291,97291,400C200US97291,"Worcester, MA--CT","Worcester, MA--CT Urban Area",6.33418576,25,25,MA,Massachusetts,4.704029792,1.63
76204,76204,400C200US76204,"Rome, GA","Rome, GA Urban Area",7.880359845,13,13,GA,Georgia,6.739591666,1.141
64567,64567,400C200US64567,"Ocala, FL","Ocala, FL Urban Area",7.204351374,12,12,FL,Florida,6.210653346,0.994
4384,4384,400C200US04384,"Austin, TX","Austin, TX Urban Area",7.763327474,48,48,TX,Texas,6.463495491,1.3
92593,92593,400C200US92593,"Waterloo, IA","Waterloo, IA Urban Area",6.343871751,19,19,IA,Iowa,6.071900243,0.272
80362,80362,400C200US80362,"Seaside--Monterey--Pacific Grove, CA","Seaside--Monterey--Pacific Grove, CA Urban Area",5.81034016,6,6,CA,California,5.820606312,-0.01
42157,42157,400C200US42157,"Jackson, MI","Jackson, MI Urban Area",7.174777466,26,26,MI,Michigan,5.145389178,2.029
88084,88084,400C200US88084,"Topeka, KS","Topeka, KS Urban Area",6.893119106,20,20,KS,Kansas,5.826247591,1.067
64945,64945,400C200US64945,"Ogden--Layton, UT","Ogden--Layton, UT Urban Area",6.896380836,49,49,UT,Utah,4.422666341,2.474
34300,34300,400C200US34300,"Grand Rapids, MI","Grand Rapids, MI Urban Area",7.097979548,26,26,MI,Michigan,5.145389178,1.953
45910,45910,400C200US45910,"La Crosse, WI--MN","La Crosse, WI--MN Urban Area",6.323187069,55,55,WI,Wisconsin,5.252788515,1.07
78499,78499,400C200US78499,"Salt Lake City, UT","Salt Lake City, UT Urban Area",6.94377807,49,49,UT,Utah,4.422666341,2.521
32167,32167,400C200US32167,"Gainesville, FL","Gainesville, FL Urban Area",7.135511221,12,12,FL,Florida,6.210653346,0.925
58006,58006,400C200US58006,"Modesto, CA","Modesto, CA Urban Area",10.72310518,6,6,CA,California,5.820606312,4.902
25228,25228,400C200US25228,"Durham, NC","Durham, NC Urban Area",7.844195708,37,37,NC,North Carolina,5.974952781,1.869
29440,29440,400C200US29440,"Fayetteville, NC","Fayetteville, NC Urban Area",7.427597704,37,37,NC,North Carolina,5.974952781,1.453
73261,73261,400C200US73261,"Raleigh, NC","Raleigh, NC Urban Area",7.938019408,37,37,NC,North Carolina,5.974952781,1.963
,,,,,,,,,,,
42346,42346,400C200US42346,"Jacksonville, FL","Jacksonville, FL Urban Area",7.91216609,12,12,FL,Florida,6.210653346,1.702
43912,43912,400C200US43912,"Kansas City, MO--KS","Kansas City, MO--KS Urban Area",7.540756035,29,29,MO,Missouri,6.404036629,1.137
60841,60841,400C200US60841,"Muskegon--Norton Shores, MI","Muskegon--Norton Shores, MI Urban Area",6.300484453,26,26,MI,Michigan,5.145389178,1.155
57628,57628,400C200US57628,"Minneapolis--St. Paul, MN","Minneapolis--St. Paul, MN Urban Area",7.026642378,27,27,MN,Minnesota,4.883898514,2.143
96670,96670,400C200US96670,"Winston-Salem, NC","Winston-Salem, NC Urban Area",7.230652652,37,37,NC,North Carolina,5.974952781,1.256
43399,43399,400C200US43399,"Joplin, MO","Joplin, MO Urban Area",7.171139454,29,29,MO,Missouri,6.404036629,0.767
76474,76474,400C200US76474,"Round Lake Beach--McHenry--Grayslake, IL--WI","Round Lake Beach--McHenry--Grayslake, IL--WI Urban Area",7.817951014,17,17,IL,Illinois,6.723665264,1.094
80227,80227,400C200US80227,"Scranton, PA","Scranton, PA Urban Area",6.668646768,42,42,PA,Pennsylvania,5.941080114,0.728
22069,22069,400C200US22069,"Dalton, GA","Dalton, GA Urban Area",7.64263404,13,13,GA,Georgia,6.739591666,0.903
15832,15832,400C200US15832,"Chattanooga, TN--GA","Chattanooga, TN--GA Urban Area",7.624525028,47,47,TN,Tennessee,6.198586557,1.426
89974,89974,400C200US89974,"Valdosta, GA","Valdosta, GA Urban Area",7.788795139,13,13,GA,Georgia,6.739591666,1.049
2386,2386,400C200US02386,"Anderson, IN","Anderson, IN Urban Area",7.858887022,18,18,IN,Indiana,7.004757482,0.854
29872,29872,400C200US29872,"Flint, MI","Flint, MI Urban Area",7.69734864,26,26,MI,Michigan,5.145389178,2.552
5680,5680,400C200US05680,"Baton Rouge, LA","Baton Rouge, LA Urban Area",8.861708071,22,22,LA,Louisiana,7.563901787,1.298
77338,77338,400C200US77338,"St. Cloud, MN","St. Cloud, MN Urban Area",5.749099648,27,27,MN,Minnesota,4.883898514,0.865
38647,38647,400C200US38647,"Hickory, NC","Hickory, NC Urban Area",6.867009784,37,37,NC,North Carolina,5.974952781,0.892
5167,5167,400C200US05167,"Barnstable Town, MA","Barnstable Town, MA Urban Area",5.44366097,25,25,MA,Massachusetts,4.704029792,0.74
71263,71263,400C200US71263,"Portland, ME","Portland, ME Urban Area",5.572770957,23,23,ME,Maine,4.088174695,1.485
71506,71506,400C200US71506,"Portsmouth, NH--ME","Portsmouth, NH--ME Urban Area",5.82139268,33,33,NH,New Hampshire,4.595013387,1.226
97831,97831,400C200US97831,"Youngstown, OH","Youngstown, OH Urban Area",7.532906905,39,39,OH,Ohio,6.486223112,1.047
23824,23824,400C200US23824,"Detroit, MI","Detroit, MI Urban Area",8.590711974,26,26,MI,Michigan,5.145389178,3.445
2602,2602,400C200US02602,"Ann Arbor, MI","Ann Arbor, MI Urban Area",8.142900364,26,26,MI,Michigan,5.145389178,2.998
31087,31087,400C200US31087,"Fort Wayne, IN","Fort Wayne, IN Urban Area",7.94230449,18,18,IN,Indiana,7.004757482,0.938
71155,71155,400C200US71155,"Port Huron, MI","Port Huron, MI Urban Area",7.312396689,26,26,MI,Michigan,5.145389178,2.167
9271,9271,400C200US09271,"Boston, MA--NH","Boston, MA--NH Urban Area",6.500938895,25,25,MA,Massachusetts,4.704029792,1.797
82252,82252,400C200US82252,"Sioux Falls, SD","Sioux Falls, SD Urban Area",5.645885863,46,46,SD,South Dakota,4.777477462,0.868
4222,4222,400C200US04222,"Augusta-Richmond County, GA--SC","Augusta-Richmond County, GA--SC Urban Area",7.788611404,13,13,GA,Georgia,6.739591666,1.049
1495,1495,400C200US01495,"Allentown--Bethlehem, PA--NJ","Allentown--Bethlehem, PA--NJ Urban Area",8.029017402,42,42,PA,Pennsylvania,5.941080114,2.088
90730,90730,400C200US90730,"Vineland, NJ","Vineland, NJ Urban Area",6.472712526,34,34,NJ,New Jersey,4.809394989,1.663
63217,63217,400C200US63217,"New York--Jersey City--Newark, NY--NJ","New York--Jersey City--Newark, NY--NJ Urban Area",7.147848555,34,34,NJ,New Jersey,4.809394989,2.338
87787,87787,400C200US87787,"Titusville, FL","Titusville, FL Urban Area",7.089791047,12,12,FL,Florida,6.210653346,0.879
77149,77149,400C200US77149,"Saginaw, MI","Saginaw, MI Urban Area",6.909038171,26,26,MI,Michigan,5.145389178,1.764
5869,5869,400C200US05869,"Bay City, MI","Bay City, MI Urban Area",6.752069492,26,26,MI,Michigan,5.145389178,1.607
47530,47530,400C200US47530,"Lancaster--Manheim, PA","Lancaster--Manheim, PA Urban Area",8.486574694,42,42,PA,Pennsylvania,5.941080114,2.545
73693,73693,400C200US73693,"Reading, PA","Reading, PA Urban Area",8.348615333,42,42,PA,Pennsylvania,5.941080114,2.408
43210,43210,400C200US43210,"Johnson City, TN","Johnson City, TN Urban Area",6.271663335,47,47,TN,Tennessee,6.198586557,0.073
35461,35461,400C200US35461,"Greenville, SC","Greenville, SC Urban Area",7.459645341,45,45,SC,South Carolina,6.590711332,0.869
73396,73396,400C200US73396,"Rapid City, SD","Rapid City, SD Urban Area",4.928413109,46,46,SD,South Dakota,4.777477462,0.151
61786,61786,400C200US61786,"New Bedford, MA","New Bedford, MA Urban Area",5.969971309,25,25,MA,Massachusetts,4.704029792,1.266
95104,95104,400C200US95104,"Wichita Falls, TX","Wichita Falls, TX Urban Area",7.216474401,48,48,TX,Texas,6.463495491,0.753
6031,6031,400C200US06031,"Beaufort--Port Royal, SC","Beaufort--Port Royal, SC Urban Area",7.523971645,45,45,SC,South Carolina,6.590711332,0.933
22528,22528,400C200US22528,"Dayton, OH","Dayton, OH Urban Area",8.091563135,39,39,OH,Ohio,6.486223112,1.605
27253,27253,400C200US27253,"El Paso, TX--NM","El Paso, TX--NM Urban Area",7.465447323,48,48,TX,Texas,6.463495491,1.002
51364,51364,400C200US51364,"Lorain--Elyria, OH","Lorain--Elyria, OH Urban Area",7.631334882,39,39,OH,Ohio,6.486223112,1.145
47935,47935,400C200US47935,"Las Cruces, NM","Las Cruces, NM Urban Area",5.940096849,35,35,NM,New Mexico,4.993823431,0.946
88462,88462,400C200US88462,"Trenton, NJ","Trenton, NJ Urban Area",7.328905371,34,34,NJ,New Jersey,4.809394989,2.52
73153,73153,400C200US73153,"Racine, WI","Racine, WI Urban Area",6.880969644,55,55,WI,Wisconsin,5.252788515,1.628
31519,31519,400C200US31519,"Frederick, MD","Frederick, MD Urban Area",7.711807899,24,24,MD,Maryland,5.719359852,1.992
79039,79039,400C200US79039,"San Jose, CA","San Jose, CA Urban Area",8.220721599,6,6,CA,California,5.820606312,2.4
15508,15508,400C200US15508,"Charleston, SC","Charleston, SC Urban Area",7.43075705,45,45,SC,South Carolina,6.590711332,0.84
83548,83548,400C200US83548,"Spartanburg, SC","Spartanburg, SC Urban Area",7.498417303,45,45,SC,South Carolina,6.590711332,0.908
69697,69697,400C200US69697,"Pittsburgh, PA","Pittsburgh, PA Urban Area",8.109163522,42,42,PA,Pennsylvania,5.941080114,2.168
19234,19234,400C200US19234,"Columbus, OH","Columbus, OH Urban Area",7.961210419,39,39,OH,Ohio,6.486223112,1.475
61705,61705,400C200US61705,"Newark, OH","Newark, OH Urban Area",7.480217145,39,39,OH,Ohio,6.486223112,0.994
59410,59410,400C200US59410,"Morristown, TN","Morristown, TN Urban Area",6.764832554,47,47,TN,Tennessee,6.198586557,0.566
45235,45235,400C200US45235,"Kingsport, TN--VA","Kingsport, TN--VA Urban Area",6.565462972,47,47,TN,Tennessee,6.198586557,0.367
3358,3358,400C200US03358,"Asheville, NC","Asheville, NC Urban Area",5.925782891,37,37,NC,North Carolina,5.974952781,-0.049
43345,43345,400C200US43345,"Jonesboro, AR","Jonesboro, AR Urban Area",7.78825464,5,5,AR,Arkansas,6.941410046,0.847
31600,31600,400C200US31600,"Fredericksburg, VA","Fredericksburg, VA Urban Area",6.894113787,51,51,VA,Virginia,5.831688009,1.062
4843,4843,400C200US04843,"Baltimore, MD","Baltimore, MD Urban Area",7.427054795,24,24,MD,Maryland,5.719359852,1.708
92242,92242,400C200US92242,"Washington--Arlington, DC--VA--MD","Washington--Arlington, DC--VA--MD Urban Area",7.170520587,51,51,VA,Virginia,5.831688009,1.339
30061,30061,400C200US30061,"Florence, SC","Florence, SC Urban Area",7.04678311,45,45,SC,South Carolina,6.590711332,0.456
60895,60895,400C200US60895,"Myrtle Beach--North Myrtle Beach, SC--NC","Myrtle Beach--North Myrtle Beach, SC--NC Urban Area",7.002708114,45,45,SC,South Carolina,6.590711332,0.412
72505,72505,400C200US72505,"Providence, RI--MA","Providence, RI--MA Urban Area",6.449409464,44,44,RI,Rhode Island,4.579097909,1.87
74746,74746,400C200US74746,"Richmond, VA","Richmond, VA Urban Area",7.118354118,51,51,VA,Virginia,5.831688009,1.287
53740,53740,400C200US53740,"Manchester, NH","Manchester, NH Urban Area",6.222434567,33,33,NH,New Hampshire,4.595013387,1.627
61165,61165,400C200US61165,"Nashua, NH--MA","Nashua, NH--MA Urban Area",6.383294601,33,33,NH,New Hampshire,4.595013387,1.788
15670,15670,400C200US15670,"Charlotte, NC--SC","Charlotte, NC--SC Urban Area",7.798093242,37,37,NC,North Carolina,5.974952781,1.823
33814,33814,400C200US33814,"Goldsboro, NC","Goldsboro, NC Urban Area",6.94882378,37,37,NC,North Carolina,5.974952781,0.974
32491,32491,400C200US32491,"Galveston--Texas City, TX","Galveston--Texas City, TX Urban Area",8.045656154,48,48,TX,Texas,6.463495491,1.582
65269,65269,400C200US65269,"Omaha, NE--IA","Omaha, NE--IA Urban Area",6.733718105,31,31,NE,Nebraska,5.077656298,1.656
40753,40753,400C200US40753,"Huntington, WV--KY--OH","Huntington, WV--KY--OH Urban Area",7.040330762,54,54,WV,West Virginia,5.530576165,1.51
39430,39430,400C200US39430,"Holland, MI","Holland, MI Urban Area",6.754260221,26,26,MI,Michigan,5.145389178,1.609
95833,95833,400C200US95833,"Wilmington, NC","Wilmington, NC Urban Area",6.868019886,37,37,NC,North Carolina,5.974952781,0.893
6058,6058,400C200US06058,"Beaumont, TX","Beaumont, TX Urban Area",7.936143682,48,48,TX,Texas,6.463495491,1.473
55603,55603,400C200US55603,"Mauldin--Simpsonville, SC","Mauldin--Simpsonville, SC Urban Area",7.624112178,45,45,SC,South Carolina,6.590711332,1.033
70993,70993,400C200US70993,"Port Arthur, TX","Port Arthur, TX Urban Area",7.931119403,48,48,TX,Texas,6.463495491,1.468
44479,44479,400C200US44479,"Kennewick--Richland--Pasco, WA","Kennewick--Richland--Pasco, WA Urban Area",5.875360065,53,53,WA,Washington,5.01396412,0.861
42265,42265,400C200US42265,"Jackson, TN","Jackson, TN Urban Area",7.315272963,47,47,TN,Tennessee,6.198586557,1.117
40213,40213,400C200US40213,"Hot Springs, AR","Hot Springs, AR Urban Area",7.396171899,5,5,AR,Arkansas,6.941410046,0.455
35380,35380,400C200US35380,"Greenville, NC","Greenville, NC Urban Area",6.84905008,37,37,NC,North Carolina,5.974952781,0.874
46531,46531,400C200US46531,"Lake Charles, LA","Lake Charles, LA Urban Area",8.040090994,22,22,LA,Louisiana,7.563901787,0.476
75718,75718,400C200US75718,"Rockford, IL","Rockford, IL Urban Area",6.818682041,17,17,IL,Illinois,6.723665264,0.095
36190,36190,400C200US36190,"Hagerstown, MD--WV--PA--VA","Hagerstown, MD--WV--PA--VA Urban Area",7.754141408,54,54,WV,West Virginia,5.530576165,2.224
19558,19558,400C200US19558,"Concord, NC","Concord, NC Urban Area",7.572170022,37,37,NC,North Carolina,5.974952781,1.597
57466,57466,400C200US57466,"Milwaukee, WI","Milwaukee, WI Urban Area",7.282559078,55,55,WI,Wisconsin,5.252788515,2.03
80713,80713,400C200US80713,"Sevierville, TN","Sevierville, TN Urban Area",6.854942811,47,47,TN,Tennessee,6.198586557,0.656
18964,18964,400C200US18964,"Columbia, SC","Columbia, SC Urban Area",7.715899986,45,45,SC,South Carolina,6.590711332,1.125
71317,71317,400C200US71317,"Portland, OR--WA","Portland, OR--WA Urban Area",6.532238007,41,41,OR,Oregon,5.347523912,1.185
75421,75421,400C200US75421,"Roanoke, VA","Roanoke, VA Urban Area",6.497730957,51,51,VA,Virginia,5.831688009,0.666
71803,71803,400C200US71803,"Poughkeepsie--Newburgh, NY","Poughkeepsie--Newburgh, NY Urban Area",7.158092323,36,36,NY,New York,5.018485272,2.14
22042,22042,400C200US22042,"Dallas--Fort Worth--Arlington, TX","Dallas--Fort Worth--Arlington, TX Urban Area",7.88743712,48,48,TX,Texas,6.463495491,1.424
78580,78580,400C200US78580,"San Antonio, TX","San Antonio, TX Urban Area",8.244606984,48,48,TX,Texas,6.463495491,1.781
44992,44992,400C200US44992,"Killeen, TX","Killeen, TX Urban Area",7.531706439,48,48,TX,Texas,6.463495491,1.068
10351,10351,400C200US10351,"Bristol, TN--VA","Bristol, TN--VA Urban Area",6.176790722,47,47,TN,Tennessee,6.198586557,-0.022
87193,87193,400C200US87193,"Texarkana, TX--AR","Texarkana, TX--AR Urban Area",7.806972518,48,48,TX,Texas,6.463495491,1.343
55252,55252,400C200US55252,"Martinsville, VA","Martinsville, VA Urban Area",6.765315505,51,51,VA,Virginia,5.831688009,0.934
85708,85708,400C200US85708,"Sumter, SC","Sumter, SC Urban Area",7.263008992,45,45,SC,South Carolina,6.590711332,0.672
90892,90892,400C200US90892,"Virginia Beach--Norfolk, VA","Virginia Beach--Norfolk, VA Urban Area",6.670515073,51,51,VA,Virginia,5.831688009,0.839
96103,96103,400C200US96103,"Winchester, VA","Winchester, VA Urban Area",7.386549427,51,51,VA,Virginia,5.831688009,1.555
69454,69454,400C200US69454,"Pine Bluff, AR","Pine Bluff, AR Urban Area",7.869905151,5,5,AR,Arkansas,6.941410046,0.928
97750,97750,400C200US97750,"York, PA","York, PA Urban Area",8.330676414,42,42,PA,Pennsylvania,5.941080114,2.39
32653,32653,400C200US32653,"Gastonia, NC","Gastonia, NC Urban Area",7.613863582,37,37,NC,North Carolina,5.974952781,1.639
60733,60733,400C200US60733,"Murfreesboro, TN","Murfreesboro, TN Urban Area",7.694365447,47,47,TN,Tennessee,6.198586557,1.496
23500,23500,400C200US23500,"Denton--Lewisville, TX","Denton--Lewisville, TX Urban Area",7.961240958,48,48,TX,Texas,6.463495491,1.498
95077,95077,400C200US95077,"Wichita, KS","Wichita, KS Urban Area",7.223395611,20,20,KS,Kansas,5.826247591,1.397
43723,43723,400C200US43723,"Kalamazoo, MI","Kalamazoo, MI Urban Area",7.380899258,26,26,MI,Michigan,5.145389178,2.236
5707,5707,400C200US05707,"Battle Creek, MI","Battle Creek, MI Urban Area",7.23405883,26,26,MI,Michigan,5.145389178,2.089
37081,37081,400C200US37081,"Harrisburg, PA","Harrisburg, PA Urban Area",8.301395375,42,42,PA,Pennsylvania,5.941080114,2.36
83926,83926,400C200US83926,"Springfield, MA--CT","Springfield, MA--CT Urban Area",7.128582893,25,25,MA,Massachusetts,4.704029792,2.425
7138,7138,400C200US07138,"Benton Harbor--Lincoln--St. Joseph, MI","Benton Harbor--Lincoln--St. Joseph, MI Urban Area",6.844526956,26,26,MI,Michigan,5.145389178,1.699
35164,35164,400C200US35164,"Greensboro, NC","Greensboro, NC Urban Area",7.347739749,37,37,NC,North Carolina,5.974952781,1.373
50392,50392,400C200US50392,"Little Rock, AR","Little Rock, AR Urban Area",8.026784262,5,5,AR,Arkansas,6.941410046,1.085
82900,82900,400C200US82900,"Somerset, KY","Somerset, KY Urban Area",6.73778806,21,21,KY,Kentucky,6.378271804,0.36
8380,8380,400C200US08380,"Bloomington, IN","Bloomington, IN Urban Area",7.319772688,18,18,IN,Indiana,7.004757482,0.315
11350,11350,400C200US11350,"Buffalo, NY","Buffalo, NY Urban Area",6.652956348,36,36,NY,New York,5.018485272,1.634
47719,47719,400C200US47719,"Lansing, MI","Lansing, MI Urban Area",7.272038455,26,26,MI,Michigan,5.145389178,2.127
36514,36514,400C200US36514,"Hammond, LA","Hammond, LA Urban Area",8.511469815,22,22,LA,Louisiana,7.563901787,0.948
40780,40780,400C200US40780,"Huntsville, AL","Huntsville, AL Urban Area",7.471209737,1,1,AL,Alabama,7.071756628,0.399
41212,41212,400C200US41212,"Indianapolis, IN","Indianapolis, IN Urban Area",8.527893734,18,18,IN,Indiana,7.004757482,1.523
24607,24607,400C200US24607,"Dover--Rochester, NH--ME","Dover--Rochester, NH--ME Urban Area",5.913450922,33,33,NH,New Hampshire,4.595013387,1.318
73774,73774,400C200US73774,"Redding, CA","Redding, CA Urban Area",6.068082044,6,6,CA,California,5.820606312,0.247
77743,77743,400C200US77743,"St. Joseph, MO--KS","St. Joseph, MO--KS Urban Area",6.902829414,29,29,MO,Missouri,6.404036629,0.499
58330,58330,400C200US58330,"Monroe, LA","Monroe, LA Urban Area",8.155404372,22,22,LA,Louisiana,7.563901787,0.592
46045,46045,400C200US46045,"Lafayette, LA","Lafayette, LA Urban Area",8.016693419,22,22,LA,Louisiana,7.563901787,0.453
62677,62677,400C200US62677,"New Orleans, LA","New Orleans, LA Urban Area",8.800129389,22,22,LA,Louisiana,7.563901787,1.236
82468,82468,400C200US82468,"Slidell, LA","Slidell, LA Urban Area",8.60414224,22,22,LA,Louisiana,7.563901787,1.04
82225,82225,400C200US82225,"Sioux City, IA--NE--SD","Sioux City, IA--NE--SD Urban Area",5.88299023,19,19,IA,Iowa,6.071900243,-0.189
57007,57007,400C200US57007,"Midland, TX","Midland, TX Urban Area",7.530780425,48,48,TX,Texas,6.463495491,1.067
89029,89029,400C200US89029,"Tupelo, MS","Tupelo, MS Urban Area",7.638750487,28,28,MS,Mississippi,7.152878888,0.486
7786,7786,400C200US07786,"Birmingham, AL","Birmingham, AL Urban Area",8.082385499,1,1,AL,Alabama,7.071756628,1.011
89110,89110,400C200US89110,"Tuscaloosa, AL","Tuscaloosa, AL Urban Area",8.331215101,1,1,AL,Alabama,7.071756628,1.259
42211,42211,400C200US42211,"Jackson, MS","Jackson, MS Urban Area",7.825877231,28,28,MS,Mississippi,7.152878888,0.673
22690,22690,400C200US22690,"Decatur, AL","Decatur, AL Urban Area",7.647909454,1,1,AL,Alabama,7.071756628,0.576
42400,42400,400C200US42400,"Jacksonville, NC","Jacksonville, NC Urban Area",6.616008619,37,37,NC,North Carolina,5.974952781,0.641
,,,,,,,,,,,
50959,50959,400C200US50959,"Logan, UT","Logan, UT Urban Area",6.421864244,49,49,UT,Utah,4.422666341,1.999
7732,7732,400C200US07732,"Binghamton, NY","Binghamton, NY Urban Area",5.978328726,36,36,NY,New York,5.018485272,0.96
68509,68509,400C200US68509,"Peoria, IL","Peoria, IL Urban Area",7.700535899,17,17,IL,Illinois,6.723665264,0.977
,,,,,,,,,,,
,,,,,,,,,,,
,,,,,,,,,,,
56116,56116,400C200US56116,"Memphis, TN--MS--AR","Memphis, TN--MS--AR Urban Area",8.072583267,47,47,TN,Tennessee,6.198586557,1.874
35920,35920,400C200US35920,"Gulfport--Biloxi, MS","Gulfport--Biloxi, MS Urban Area",8.589736099,28,28,MS,Mississippi,7.152878888,1.437
86599,86599,400C200US86599,"Tampa--St. Petersburg, FL","Tampa--St. Petersburg, FL Urban Area",7.668335644,12,12,FL,Florida,6.210653346,1.458
86464,86464,400C200US86464,"Tallahassee, FL","Tallahassee, FL Urban Area",7.75761196,12,12,FL,Florida,6.210653346,1.547
59275,59275,400C200US59275,"Morgantown, WV","Morgantown, WV Urban Area",6.705378707,54,54,WV,West Virginia,5.530576165,1.175
79363,79363,400C200US79363,"Santa Fe, NM","Santa Fe, NM Urban Area",6.221264252,35,35,NM,New Mexico,4.993823431,1.227
7921,7921,400C200US07921,"Bismarck, ND","Bismarck, ND Urban Area",5.091246849,38,38,ND,North Dakota,4.887539591,0.204
68482,68482,400C200US68482,"Pensacola, FL--AL","Pensacola, FL--AL Urban Area",8.147798328,12,12,FL,Florida,6.210653346,1.937
23311,23311,400C200US23311,"Deltona, FL","Deltona, FL Urban Area",7.343710386,12,12,FL,Florida,6.210653346,1.133
65863,65863,400C200US65863,"Orlando, FL","Orlando, FL Urban Area",7.535604822,12,12,FL,Florida,6.210653346,1.325
901,901,400C200US00901,"Albany, GA","Albany, GA Urban Area",7.926983538,13,13,GA,Georgia,6.739591666,1.187
37594,37594,400C200US37594,"Hattiesburg, MS","Hattiesburg, MS Urban Area",7.933331478,28,28,MS,Mississippi,7.152878888,0.78
,,,,,,,,,,,
6868,6868,400C200US06868,"Bend, OR","Bend, OR Urban Area",5.674281418,41,41,OR,Oregon,5.347523912,0.327
79309,79309,400C200US79309,"Santa Clarita, CA","Santa Clarita, CA Urban Area",8.294672807,6,6,CA,California,5.820606312,2.474
66673,66673,400C200US66673,"Oxnard--San Buenaventura (Ventura), CA","Oxnard--San Buenaventura (Ventura), CA Urban Area",8.457375865,6,6,CA,California,5.820606312,2.637
69076,69076,400C200US69076,"Philadelphia, PA--NJ--DE--MD","Philadelphia, PA--NJ--DE--MD Urban Area",7.583992599,42,42,PA,Pennsylvania,5.941080114,1.643
77770,77770,400C200US77770,"St. Louis, MO--IL","St. Louis, MO--IL Urban Area",8.206650109,29,29,MO,Missouri,6.404036629,1.803
66781,66781,400C200US66781,"Paducah, KY--IL","Paducah, KY--IL Urban Area",7.608476342,21,21,KY,Kentucky,6.378271804,1.23
83764,83764,400C200US83764,"Spokane, WA","Spokane, WA Urban Area",6.759391631,53,53,WA,Washington,5.01396412,1.745
33328,33328,400C200US33328,"Gilroy--Morgan Hill, CA","Gilroy--Morgan Hill, CA Urban Area",7.294369268,6,6,CA,California,5.820606312,1.474
3817,3817,400C200US03817,"Atlanta, GA","Atlanta, GA Urban Area",8.145887319,13,13,GA,Georgia,6.739591666,1.406
2629,2629,400C200US02629,"Anniston--Oxford, AL","Anniston--Oxford, AL Urban Area",7.505865964,1,1,AL,Alabama,7.071756628,0.434
88300,88300,400C200US88300,"Traverse City--Garfield, MI","Traverse City--Garfield, MI Urban Area",5.343782624,26,26,MI,Michigan,5.145389178,0.198
4951,4951,400C200US04951,"Bangor, ME","Bangor, ME Urban Area",4.68590368,23,23,ME,Maine,4.088174695,0.598
19099,19099,400C200US19099,"Columbus, GA--AL","Columbus, GA--AL Urban Area",8.206264994,1,1,AL,Alabama,7.071756628,1.135
67105,67105,400C200US67105,"Palm Bay--Melbourne, FL","Palm Bay--Melbourne, FL Urban Area",6.813275469,12,12,FL,Florida,6.210653346,0.603
44506,44506,400C200US44506,"Kenosha, WI","Kenosha, WI Urban Area",7.132111208,55,55,WI,Wisconsin,5.252788515,1.879
72112,72112,400C200US72112,"Prescott--Prescott Valley, AZ","Prescott--Prescott Valley, AZ Urban Area",4.673202119,4,4,AZ,Arizona,5.07234524,-0.399
2764,2764,400C200US02764,"Appleton, WI","Appleton, WI Urban Area",6.672485203,55,55,WI,Wisconsin,5.252788515,1.42
56656,56656,400C200US56656,"Michigan City--La Porte, IN--MI","Michigan City--La Porte, IN--MI Urban Area",7.258946909,18,18,IN,Indiana,7.004757482,0.254
1927,1927,400C200US01927,"Amarillo, TX","Amarillo, TX Urban Area",6.080508492,48,48,TX,Texas,6.463495491,-0.383
16885,16885,400C200US16885,"Cincinnati, OH--KY","Cincinnati, OH--KY Urban Area",8.203490749,39,39,OH,Ohio,6.486223112,1.717
84024,84024,400C200US84024,"Spring Hill, FL","Spring Hill, FL Urban Area",7.365374736,12,12,FL,Florida,6.210653346,1.155
29953,29953,400C200US29953,"Florence, AL","Florence, AL Urban Area",7.286355038,1,1,AL,Alabama,7.071756628,0.215
28333,28333,400C200US28333,"Evansville, IN","Evansville, IN Urban Area",7.785853529,18,18,IN,Indiana,7.004757482,0.781
84630,84630,400C200US84630,"Staunton--Waynesboro, VA","Staunton--Waynesboro, VA Urban Area",6.52537913,51,51,VA,Virginia,5.831688009,0.694
18451,18451,400C200US18451,"Coeur d'Alene, ID","Coeur d'Alene, ID Urban Area",6.859690445,16,16,ID,Idaho,5.096902855,1.763
87868,87868,400C200US87868,"Toledo, OH--MI","Toledo, OH--MI Urban Area",8.13520978,39,39,OH,Ohio,6.486223112,1.649
22366,22366,400C200US22366,"Davenport, IA--IL","Davenport, IA--IL Urban Area",7.015537594,17,17,IL,Illinois,6.723665264,0.292
53794,53794,400C200US53794,"Mandeville--Covington, LA","Mandeville--Covington, LA Urban Area",8.474258488,22,22,LA,Louisiana,7.563901787,0.91
92485,92485,400C200US92485,"Waterbury, CT","Waterbury, CT Urban Area",6.685807659,9,9,CT,Connecticut,5.081872262,1.604
22096,22096,400C200US22096,"Danbury, CT--NY","Danbury, CT--NY Urban Area",6.804881153,9,9,CT,Connecticut,5.081872262,1.723
87300,87300,400C200US87300,"The Woodlands--Conroe, TX","The Woodlands--Conroe, TX Urban Area",8.282450033,48,48,TX,Texas,6.463495491,1.819
46018,46018,400C200US46018,"Lafayette, IN","Lafayette, IN Urban Area",7.989208675,18,18,IN,Indiana,7.004757482,0.984
17317,17317,400C200US17317,"Clarksville, TN--KY","Clarksville, TN--KY Urban Area",7.634491777,47,47,TN,Tennessee,6.198586557,1.436
19504,19504,400C200US19504,"Concord--Walnut Creek, CA","Concord--Walnut Creek, CA Urban Area",6.733333632,6,6,CA,California,5.820606312,0.913
11728,11728,400C200US11728,"Burlington, NC","Burlington, NC Urban Area",7.259486652,37,37,NC,North Carolina,5.974952781,1.285
78904,78904,400C200US78904,"San Francisco--Oakland, CA","San Francisco--Oakland, CA Urban Area",7.458283718,6,6,CA,California,5.820606312,1.638
40429,40429,400C200US40429,"Houston, TX","Houston, TX Urban Area",8.645733926,48,48,TX,Texas,6.463495491,2.182
15211,15211,400C200US15211,"Champaign, IL","Champaign, IL Urban Area",7.457442942,17,17,IL,Illinois,6.723665264,0.734
17722,17722,400C200US17722,"Cleveland, TN","Cleveland, TN Urban Area",7.41975819,47,47,TN,Tennessee,6.198586557,1.221
21043,21043,400C200US21043,"Crestview, FL","Crestview, FL Urban Area",7.706026613,12,12,FL,Florida,6.210653346,1.495
56926,56926,400C200US56926,"Middletown, OH","Middletown, OH Urban Area",8.480263211,39,39,OH,Ohio,6.486223112,1.994
49582,49582,400C200US49582,"Lexington-Fayette, KY","Lexington-Fayette, KY Urban Area",7.086104246,21,21,KY,Kentucky,6.378271804,0.708
75664,75664,400C200US75664,"Rochester, NY","Rochester, NY Urban Area",6.024008971,36,36,NY,New York,5.018485272,1.006
14185,14185,400C200US14185,"Cartersville, GA","Cartersville, GA Urban Area",8.044419423,13,13,GA,Georgia,6.739591666,1.305
9379,9379,400C200US09379,"Bowling Green, KY","Bowling Green, KY Urban Area",7.289887767,21,21,KY,Kentucky,6.378271804,0.912
46828,46828,400C200US46828,"Lakeland, FL","Lakeland, FL Urban Area",7.372122402,12,12,FL,Florida,6.210653346,1.161
87285,87285,400C200US87285,"The Villages--Lady Lake, FL","The Villages--Lady Lake, FL Urban Area",7.110529637,12,12,FL,Florida,6.210653346,0.9
61273,61273,400C200US61273,"Nashville-Davidson, TN","Nashville-Davidson, TN Urban Area",8.117004744,47,47,TN,Tennessee,6.198586557,1.918
41590,41590,400C200US41590,"Iowa City, IA","Iowa City, IA Urban Area",6.79904653,19,19,IA,Iowa,6.071900243,0.727
45640,45640,400C200US45640,"Knoxville, TN","Knoxville, TN Urban Area",7.290380559,47,47,TN,Tennessee,6.198586557,1.092
49933,49933,400C200US49933,"Lincoln, NE","Lincoln, NE Urban Area",6.241586927,31,31,NE,Nebraska,5.077656298,1.164
1279,1279,400C200US01279,"Alexandria, LA","Alexandria, LA Urban Area",8.035616434,22,22,LA,Louisiana,7.563901787,0.472
47854,47854,400C200US47854,"Laredo, TX","Laredo, TX Urban Area",9.143272485,48,48,TX,Texas,6.463495491,2.68
50533,50533,400C200US50533,"Livermore--Pleasanton--Dublin, CA","Livermore--Pleasanton--Dublin, CA Urban Area",6.853269514,6,6,CA,California,5.820606312,1.033
78774,78774,400C200US78774,"Sandusky--Port Clinton, OH","Sandusky--Port Clinton, OH Urban Area",7.458967657,39,39,OH,Ohio,6.486223112,0.973
81739,81739,400C200US81739,"Shreveport, LA","Shreveport, LA Urban Area",8.334093979,22,22,LA,Louisiana,7.563901787,0.77
75988,75988,400C200US75988,"Rocky Mount, NC","Rocky Mount, NC Urban Area",7.098763578,37,37,NC,North Carolina,5.974952781,1.124
8601,8601,400C200US08601,"Bluffton East--Hilton Head Island, SC","Bluffton East--Hilton Head Island, SC Urban Area",7.563259552,45,45,SC,South Carolina,6.590711332,0.973
,,,,,,,,,,,
1765,1765,400C200US01765,"Alton, IL","Alton, IL Urban Area",8.268518862,17,17,IL,Illinois,6.723665264,1.545
2683,2683,400C200US02683,"Antioch, CA","Antioch, CA Urban Area",7.578157119,6,6,CA,California,5.820606312,1.758
90028,90028,400C200US90028,"Vallejo, CA","Vallejo, CA Urban Area",7.00434333,6,6,CA,California,5.820606312,1.184
22717,22717,400C200US22717,"Decatur, IL","Decatur, IL Urban Area",7.525191429,17,17,IL,Illinois,6.723665264,0.802
31843,31843,400C200US31843,"Fresno, CA","Fresno, CA Urban Area",12.5910699,6,6,CA,California,5.820606312,6.77
28117,28117,400C200US28117,"Eugene, OR","Eugene, OR Urban Area",8.079503873,41,41,OR,Oregon,5.347523912,2.732
59194,59194,400C200US59194,"Morehead City--Emerald Isle--Atlantic Beach, NC","Morehead City--Emerald Isle--Atlantic Beach, NC Urban Area",6.412173678,37,37,NC,North Carolina,5.974952781,0.437
16264,16264,400C200US16264,"Chicago, IL--IN","Chicago, IL--IN Urban Area",8.590722464,17,17,IL,Illinois,6.723665264,1.867
38809,38809,400C200US38809,"High Point, NC","High Point, NC Urban Area",7.258623922,37,37,NC,North Carolina,5.974952781,1.284
78364,78364,400C200US78364,"Salisbury, MD--DE","Salisbury, MD--DE Urban Area",6.297556556,24,24,MD,Maryland,5.719359852,0.578
65242,65242,400C200US65242,"Olympia--Lacey, WA","Olympia--Lacey, WA Urban Area",5.382407378,53,53,WA,Washington,5.01396412,0.368
34813,34813,400C200US34813,"Green Bay, WI","Green Bay, WI Urban Area",6.526846752,55,55,WI,Wisconsin,5.252788515,1.274
32113,32113,400C200US32113,"Gadsden, AL","Gadsden, AL Urban Area",7.643537292,1,1,AL,Alabama,7.071756628,0.572
29089,29089,400C200US29089,"Fargo, ND--MN","Fargo, ND--MN Urban Area",5.486045522,38,38,ND,North Dakota,4.887539591,0.599
88732,88732,400C200US88732,"Tucson, AZ","Tucson, AZ Urban Area",6.674860595,4,4,AZ,Arizona,5.07234524,1.603
98020,98020,400C200US98020,"Yuma, AZ--CA","Yuma, AZ--CA Urban Area",8.892978048,4,4,AZ,Arizona,5.07234524,3.821
23743,23743,400C200US23743,"Des Moines, IA","Des Moines, IA Urban Area",6.637595387,19,19,IA,Iowa,6.071900243,0.566
96697,96697,400C200US96697,"Winter Haven, FL","Winter Haven, FL Urban Area",7.145695174,12,12,FL,Florida,6.210653346,0.935
11026,11026,400C200US11026,"Brunswick--St. Simons, GA","Brunswick--St. Simons, GA Urban Area",7.61112744,13,13,GA,Georgia,6.739591666,0.872
6652,6652,400C200US06652,"Bellingham, WA","Bellingham, WA Urban Area",6.421179789,53,53,WA,Washington,5.01396412,1.407
97507,97507,400C200US97507,"Yakima, WA","Yakima, WA Urban Area",6.757860999,53,53,WA,Washington,5.01396412,1.744
90541,90541,400C200US90541,"Victorville--Hesperia--Apple Valley, CA","Victorville--Hesperia--Apple Valley, CA Urban Area",8.146175635,6,6,CA,California,5.820606312,2.326
77446,77446,400C200US77446,"St. George, UT","St. George, UT Urban Area",6.127213451,49,49,UT,Utah,4.422666341,1.705
,,,,,,,,,,,
78553,78553,400C200US78553,"San Angelo, TX","San Angelo, TX Urban Area",7.125938388,48,48,TX,Texas,6.463495491,0.662
32194,32194,400C200US32194,"Gainesville, GA","Gainesville, GA Urban Area",7.86494422,13,13,GA,Georgia,6.739591666,1.125
11755,11755,400C200US11755,"Burlington, VT","Burlington, VT Urban Area",5.575357667,50,50,VT,Vermont,4.626252538,0.949
49852,49852,400C200US49852,"Lima, OH","Lima, OH Urban Area",7.697046458,39,39,OH,Ohio,6.486223112,1.211
1171,1171,400C200US01171,"Albuquerque, NM","Albuquerque, NM Urban Area",5.524117036,35,35,NM,New Mexico,4.993823431,0.53
72613,72613,400C200US72613,"Pueblo, CO","Pueblo, CO Urban Area",5.137390655,8,8,CO,Colorado,4.005248733,1.132
280,280,400C200US00280,"Abilene, TX","Abilene, TX Urban Area",6.790466099,48,48,TX,Texas,6.463495491,0.327
30171,30171,400C200US30171,"Foley--Gulf Shores, AL","Foley--Gulf Shores, AL Urban Area",8.106744141,1,1,AL,Alabama,7.071756628,1.035
51499,51499,400C200US51499,"Los Lunas, NM","Los Lunas, NM Urban Area",5.097512911,35,35,NM,New Mexico,4.993823431,0.104
,,,,,,,,,,,
10972,10972,400C200US10972,"Brownsville, TX","Brownsville, TX Urban Area",7.901169663,48,48,TX,Texas,6.463495491,1.438
36892,36892,400C200US36892,"Harlingen, TX","Harlingen, TX Urban Area",8.2758222,48,48,TX,Texas,6.463495491,1.812
65080,65080,400C200US65080,"Oklahoma City, OK","Oklahoma City, OK Urban Area",7.454947894,40,40,OK,Oklahoma,6.383701379,1.071
89785,89785,400C200US89785,"Utica, NY","Utica, NY Urban Area",5.56463312,36,36,NY,New York,5.018485272,0.546
29494,29494,400C200US29494,"Fayetteville--Springdale--Rogers, AR--MO","Fayetteville--Springdale--Rogers, AR--MO Urban Area",6.969611338,5,5,AR,Arkansas,6.941410046,0.028
37243,37243,400C200US37243,"Hartford, CT","Hartford, CT Urban Area",6.965204893,9,9,CT,Connecticut,5.081872262,1.883
51256,51256,400C200US51256,"Longview, TX","Longview, TX Urban Area",7.650815195,48,48,TX,Texas,6.463495491,1.187
63433,63433,400C200US63433,"Norman, OK","Norman, OK Urban Area",7.213958785,40,40,OK,Oklahoma,6.383701379,0.83
25849,25849,400C200US25849,"East Stroudsburg--Stroudsburg, PA","East Stroudsburg--Stroudsburg, PA Urban Area",6.868969517,42,42,PA,Pennsylvania,5.941080114,0.928
33598,33598,400C200US33598,"Glens Falls, NY","Glens Falls, NY Urban Area",6.297960158,36,36,NY,New York,5.018485272,1.279
79633,79633,400C200US79633,"Saratoga Springs, NY","Saratoga Springs, NY Urban Area",6.941648987,36,36,NY,New York,5.018485272,1.923
26794,26794,400C200US26794,"Elkhart, IN--MI","Elkhart, IN--MI Urban Area",7.685737566,18,18,IN,Indiana,7.004757482,0.681
62407,62407,400C200US62407,"New Haven, CT","New Haven, CT Urban Area",6.789698817,9,9,CT,Connecticut,5.081872262,1.708
8785,8785,400C200US08785,"Boise City, ID","Boise City, ID Urban Area",7.798543451,16,16,ID,Idaho,5.096902855,2.702
3763,3763,400C200US03763,"Athens-Clarke County, GA","Athens-Clarke County, GA Urban Area",7.620732658,13,13,GA,Georgia,6.739591666,0.881
17668,17668,400C200US17668,"Cleveland, OH","Cleveland, OH Urban Area",7.95399291,39,39,OH,Ohio,6.486223112,1.468
20287,20287,400C200US20287,"Corpus Christi, TX","Corpus Christi, TX Urban Area",7.867661897,48,48,TX,Texas,6.463495491,1.404
51877,51877,400C200US51877,"Lubbock, TX","Lubbock, TX Urban Area",6.168862184,48,48,TX,Texas,6.463495491,-0.295
19828,19828,400C200US19828,"Cookeville, TN","Cookeville, TN Urban Area",6.678463467,47,47,TN,Tennessee,6.198586557,0.48
66943,66943,400C200US66943,"Pahrump, NV","Pahrump, NV Urban Area",6.928410914,32,32,NV,Nevada,4.731621561,2.197
89326,89326,400C200US89326,"Tyler, TX","Tyler, TX Urban Area",7.601168309,48,48,TX,Texas,6.463495491,1.138
80416,80416,400C200US80416,"Sebring--Avon Park, FL","Sebring--Avon Park, FL Urban Area",6.538010359,12,12,FL,Florida,6.210653346,0.327
10162,10162,400C200US10162,"Bridgeport--Stamford, CT--NY","Bridgeport--Stamford, CT--NY Urban Area",6.987860047,9,9,CT,Connecticut,5.081872262,1.906
60976,60976,400C200US60976,"Nampa, ID","Nampa, ID Urban Area",7.381581012,16,16,ID,Idaho,5.096902855,2.285
88948,88948,400C200US88948,"Tulsa, OK","Tulsa, OK Urban Area",7.964556628,40,40,OK,Oklahoma,6.383701379,1.581
30925,30925,400C200US30925,"Fort Smith, AR--OK","Fort Smith, AR--OK Urban Area",7.671444766,5,5,AR,Arkansas,6.941410046,0.73
24580,24580,400C200US24580,"Dover, DE","Dover, DE Urban Area",6.654686045,10,10,DE,Delaware,5.443733506,1.211
61840,61840,400C200US61840,"New Bern, NC","New Bern, NC Urban Area",6.995799475,37,37,NC,North Carolina,5.974952781,1.021
57925,57925,400C200US57925,"Mobile, AL","Mobile, AL Urban Area",8.415350275,1,1,AL,Alabama,7.071756628,1.344
26038,26038,400C200US26038,"Eau Claire, WI","Eau Claire, WI Urban Area",6.039039198,55,55,WI,Wisconsin,5.252788515,0.786
74179,74179,400C200US74179,"Reno, NV--CA","Reno, NV--CA Urban Area",6.592042546,32,32,NV,Nevada,4.731621561,1.86
18748,18748,400C200US18748,"College Station--Bryan, TX","College Station--Bryan, TX Urban Area",7.69439579,48,48,TX,Texas,6.463495491,1.231
52201,52201,400C200US52201,"Lynchburg, VA","Lynchburg, VA Urban Area",6.82934667,51,51,VA,Virginia,5.831688009,0.998
48799,48799,400C200US48799,"Leesburg--Eustis--Tavares, FL","Leesburg--Eustis--Tavares, FL Urban Area",7.360880754,12,12,FL,Florida,6.210653346,1.15
79336,79336,400C200US79336,"Santa Cruz, CA","Santa Cruz, CA Urban Area",6.264841976,6,6,CA,California,5.820606312,0.444
64135,64135,400C200US64135,"Norwich--New London, CT","Norwich--New London, CT Urban Area",6.249071225,9,9,CT,Connecticut,5.081872262,1.167
40996,40996,400C200US40996,"Idaho Falls, ID","Idaho Falls, ID Urban Area",5.74230702,16,16,ID,Idaho,5.096902855,0.645
52822,52822,400C200US52822,"Macon-Bibb County, GA","Macon-Bibb County, GA Urban Area",8.181579077,13,13,GA,Georgia,6.739591666,1.442
18937,18937,400C200US18937,"Columbia, MO","Columbia, MO Urban Area",7.23278848,29,29,MO,Missouri,6.404036629,0.829
67672,67672,400C200US67672,"Parkersburg, WV--OH","Parkersburg, WV--OH Urban Area",7.050050683,54,54,WV,West Virginia,5.530576165,1.519
15481,15481,400C200US15481,"Charleston, WV","Charleston, WV Urban Area",6.781047166,54,54,WV,West Virginia,5.530576165,1.25
8515,8515,400C200US08515,"Bluefield, WV--VA","Bluefield, WV--VA Urban Area",5.241762497,54,54,WV,West Virginia,5.530576165,-0.289
96130,96130,400C200US96130,"Winder, GA","Winder, GA Urban Area",7.620760167,13,13,GA,Georgia,6.739591666,0.881
766,766,400C200US00766,"Akron, OH","Akron, OH Urban Area",8.197708667,39,39,OH,Ohio,6.486223112,1.711
24472,24472,400C200US24472,"Dothan, AL","Dothan, AL Urban Area",7.531297737,1,1,AL,Alabama,7.071756628,0.46
91783,91783,400C200US91783,"Warner Robins, GA","Warner Robins, GA Urban Area",7.933448075,13,13,GA,Georgia,6.739591666,1.194
13510,13510,400C200US13510,"Cape Coral, FL","Cape Coral, FL Urban Area",7.313988524,12,12,FL,Florida,6.210653346,1.103
8974,8974,400C200US08974,"Bonita Springs--Estero, FL","Bonita Springs--Estero, FL Urban Area",7.050699569,12,12,FL,Florida,6.210653346,0.84
87139,87139,400C200US87139,"Terre Haute, IN","Terre Haute, IN Urban Area",7.89782808,18,18,IN,Indiana,7.004757482,0.893
75637,75637,400C200US75637,"Rochester, MN","Rochester, MN Urban Area",6.237093655,27,27,MN,Minnesota,4.883898514,1.353
77068,77068,400C200US77068,"Sacramento, CA","Sacramento, CA Urban Area",8.678616471,6,6,CA,California,5.820606312,2.858
78661,78661,400C200US78661,"San Diego, CA","San Diego, CA Urban Area",9.164643539,6,6,CA,California,5.820606312,3.344
80389,80389,400C200US80389,"Seattle--Tacoma, WA","Seattle--Tacoma, WA Urban Area",6.288171988,53,53,WA,Washington,5.01396412,1.274
6139,6139,400C200US06139,"Beckley, WV","Beckley, WV Urban Area",5.403108934,54,54,WV,West Virginia,5.530576165,-0.127
9946,9946,400C200US09946,"Bremerton, WA","Bremerton, WA Urban Area",6.060983474,53,53,WA,Washington,5.01396412,1.047
55333,55333,400C200US55333,"Marysville, WA","Marysville, WA Urban Area",6.720893958,53,53,WA,Washington,5.01396412,1.707
30628,30628,400C200US30628,"Fort Collins, CO","Fort Collins, CO Urban Area",5.707208357,8,8,CO,Colorado,4.005248733,1.702
8407,8407,400C200US08407,"Bloomington--Normal, IL","Bloomington--Normal, IL Urban Area",7.539361282,17,17,IL,Illinois,6.723665264,0.816
56251,56251,400C200US56251,"Merced, CA","Merced, CA Urban Area",11.40244605,6,6,CA,California,5.820606312,5.582
4681,4681,400C200US04681,"Bakersfield, CA","Bakersfield, CA Urban Area",14.2422319,6,6,CA,California,5.820606312,8.422
56602,56602,400C200US56602,"Miami--Fort Lauderdale, FL","Miami--Fort Lauderdale, FL Urban Area",7.174811851,12,12,FL,Florida,6.210653346,0.964
71479,71479,400C200US71479,"Port St. Lucie, FL","Port St. Lucie, FL Urban Area",6.624416852,12,12,FL,Florida,6.210653346,0.414
34273,34273,400C200US34273,"Grand Junction, CO","Grand Junction, CO Urban Area",5.315632644,8,8,CO,Colorado,4.005248733,1.31
41347,41347,400C200US41347,"Indio--Palm Desert--Palm Springs, CA","Indio--Palm Desert--Palm Springs, CA Urban Area",10.65146109,6,6,CA,California,5.820606312,4.831
51445,51445,400C200US51445,"Los Angeles--Long Beach--Anaheim, CA","Los Angeles--Long Beach--Anaheim, CA Urban Area",11.04150921,6,6,CA,California,5.820606312,5.221
78229,78229,400C200US78229,"Salem, OR","Salem, OR Urban Area",6.148216083,41,41,OR,Oregon,5.347523912,0.801
75340,75340,400C200US75340,"Riverside--San Bernardino, CA","Riverside--San Bernardino, CA Urban Area",10.70658719,6,6,CA,California,5.820606312,4.886
79282,79282,400C200US79282,"Santa Barbara, CA","Santa Barbara, CA Urban Area",7.269155938,6,6,CA,California,5.820606312,1.449
4033,4033,400C200US04033,"Auburn, AL","Auburn, AL Urban Area",7.793766557,1,1,AL,Alabama,7.071756628,0.722
91027,91027,400C200US91027,"Waco, TX","Waco, TX Urban Area",7.600946616,48,48,TX,Texas,6.463495491,1.137
7705,7705,400C200US07705,"Billings, MT","Billings, MT Urban Area",5.347450475,30,30,MT,Montana,4.571901511,0.776
75745,75745,400C200US75745,"Rock Hill, SC","Rock Hill, SC Urban Area",7.769179905,45,45,SC,South Carolina,6.590711332,1.178
53200,53200,400C200US53200,"Madison, WI","Madison, WI Urban Area",6.675032265,55,55,WI,Wisconsin,5.252788515,1.422
52390,52390,400C200US52390,"McAllen, TX","McAllen, TX Urban Area",9.362005151,48,48,TX,Texas,6.463495491,2.899
87490,87490,400C200US87490,"Thousand Oaks, CA","Thousand Oaks, CA Urban Area",8.134966744,6,6,CA,California,5.820606312,2.314
57709,57709,400C200US57709,"Mission Viejo--Lake Forest--Laguna Niguel, CA","Mission Viejo--Lake Forest--Laguna Niguel, CA Urban Area",9.426971275,6,6,CA,California,5.820606312,3.606
58600,58600,400C200US58600,"Montgomery, AL","Montgomery, AL Urban Area",8.299257119,1,1,AL,Alabama,7.071756628,1.228
45451,45451,400C200US45451,"Kissimmee--St. Cloud, FL","Kissimmee--St. Cloud, FL Urban Area",7.466004912,12,12,FL,Florida,6.210653346,1.255
93025,93025,400C200US93025,"Wausau, WI","Wausau, WI Urban Area",5.448530513,55,55,WI,Wisconsin,5.252788515,0.196
79498,79498,400C200US79498,"Santa Rosa, CA","Santa Rosa, CA Urban Area",6.024543644,6,6,CA,California,5.820606312,0.204
28657,28657,400C200US28657,"Fairfield, CA","Fairfield, CA Urban Area",6.337525723,6,6,CA,California,5.820606312,0.517
86302,86302,400C200US86302,"Syracuse, NY","Syracuse, NY Urban Area",5.911534577,36,36,NY,New York,5.018485272,0.893
93484,93484,400C200US93484,"Weatherford, TX","Weatherford, TX Urban Area",7.393341726,48,48,TX,Texas,6.463495491,0.93
79768,79768,400C200US79768,"Savannah, GA","Savannah, GA Urban Area",7.815819549,13,13,GA,Georgia,6.739591666,1.076
14752,14752,400C200US14752,"Cedar Rapids, IA","Cedar Rapids, IA Urban Area",6.639822863,19,19,IA,Iowa,6.071900243,0.568
24850,24850,400C200US24850,"Duluth, MN--WI","Duluth, MN--WI Urban Area",5.200560097,27,27,MN,Minnesota,4.883898514,0.317
27766,27766,400C200US27766,"Erie, PA","Erie, PA Urban Area",6.577275294,42,42,PA,Pennsylvania,5.941080114,0.636
23527,23527,400C200US23527,"Denver--Aurora, CO","Denver--Aurora, CO Urban Area",6.040169122,8,8,CO,Colorado,4.005248733,2.035
83899,83899,400C200US83899,"Springfield, IL","Springfield, IL Urban Area",7.711207129,17,17,IL,Illinois,6.723665264,0.988
54091,54091,400C200US54091,"Mansfield, OH","Mansfield, OH Urban Area",7.169954207,39,39,OH,Ohio,6.486223112,0.684
13375,13375,400C200US13375,"Canton, OH","Canton, OH Urban Area",7.902469007,39,39,OH,Ohio,6.486223112,1.416
83980,83980,400C200US83980,"Springfield, OH","Springfield, OH Urban Area",7.482087066,39,39,OH,Ohio,6.486223112,0.996
48394,48394,400C200US48394,"Lawton, OK","Lawton, OK Urban Area",7.116778431,40,40,OK,Oklahoma,6.383701379,0.733
18856,18856,400C200US18856,"Colorado Springs, CO","Colorado Springs, CO Urban Area",4.601026503,8,8,CO,Colorado,4.005248733,0.596
57736,57736,400C200US57736,"Missoula, MT","Missoula, MT Urban Area",6.533093124,30,30,MT,Montana,4.571901511,1.961
69184,69184,400C200US69184,"Phoenix--Mesa--Scottsdale, AZ","Phoenix--Mesa--Scottsdale, AZ Urban Area",9.386281145,4,4,AZ,Arizona,5.07234524,4.314
64864,64864,400C200US64864,"Odessa, TX","Odessa, TX Urban Area",7.308276922,48,48,TX,Texas,6.463495491,0.845
87058,87058,400C200US87058,"Temple, TX","Temple, TX Urban Area",7.542491169,48,48,TX,Texas,6.463495491,1.079
72559,72559,400C200US72559,"Provo--Orem, UT","Provo--Orem, UT Urban Area",6.511969782,49,49,UT,Utah,4.422666341,2.089
91261,91261,400C200US91261,"Waldorf, MD","Waldorf, MD Urban Area",6.879357957,24,24,MD,Maryland,5.719359852,1.16
970,970,400C200US00970,"Albany--Schenectady, NY","Albany--Schenectady, NY Urban Area",7.52388345,36,36,NY,New York,5.018485272,2.505
69192,69192,400C200US69192,"Phoenix West--Goodyear--Avondale, AZ","Phoenix West--Goodyear--Avondale, AZ Urban Area",9.850147228,4,4,AZ,Arizona,5.07234524,4.778
67140,67140,400C200US67140,"Palmdale--Lancaster, CA","Palmdale--Lancaster, CA Urban Area",7.262227716,6,6,CA,California,5.820606312,1.442
87004,87004,400C200US87004,"Temecula--Murrieta--Menifee, CA","Temecula--Murrieta--Menifee, CA Urban Area",8.31796129,6,6,CA,California,5.820606312,2.497
52695,52695,400C200US52695,"McKinney--Frisco, TX","McKinney--Frisco, TX Urban Area",8.06880052,48,48,TX,Texas,6.463495491,1.605
61948,61948,400C200US61948,"New Braunfels, TX","New Braunfels, TX Urban Area",7.85166872,48,48,TX,Texas,6.463495491,1.388
84859,84859,400C200US84859,"Steubenville--Weirton, OH--WV--PA","Steubenville--Weirton, OH--WV--PA Urban Area",7.722288584,54,54,WV,West Virginia,5.530576165,2.192
2420,2420,400C200US02420,"Anderson--Clemson, SC","Anderson--Clemson, SC Urban Area",7.493731356,45,45,SC,South Carolina,6.590711332,0.903
71060,71060,400C200US71060,"Port Charlotte--North Port, FL","Port Charlotte--North Port, FL Urban Area",7.213697046,12,12,FL,Florida,6.210653346,1.003
90406,90406,400C200US90406,"Vero Beach--Sebastian, FL","Vero Beach--Sebastian, FL Urban Area",6.527961777,12,12,FL,Florida,6.210653346,0.317
9536,9536,400C200US09536,"Bradenton--Sarasota--Venice, FL","Bradenton--Sarasota--Venice, FL Urban Area",7.201308835,12,12,FL,Florida,6.210653346,0.991
29608,29608,400C200US29608,"Fernandina Beach--Yulee, FL","Fernandina Beach--Yulee, FL Urban Area",7.922163347,12,12,FL,Florida,6.210653346,1.712
67305,67305,400C200US67305,"Panama City--Panama City Beach, FL","Panama City--Panama City Beach, FL Urban Area",8.147116219,12,12,FL,Florida,6.210653346,1.936
22612,22612,400C200US22612,"Daytona Beach--Palm Coast--Port Orange, FL","Daytona Beach--Palm Coast--Port Orange, FL Urban Area",7.46608481,12,12,FL,Florida,6.210653346,1.255
7472,7472,400C200US07472,"Beverly Hills--Homosassa Springs--Pine Ridge, FL","Beverly Hills--Homosassa Springs--Pine Ridge, FL Urban Area",7.1625917,12,12,FL,Florida,6.210653346,0.952
51131,51131,400C200US51131,"London--Corbin, KY","London--Corbin, KY Urban Area",6.581143006,21,21,KY,Kentucky,6.378271804,0.203
95411,95411,400C200US95411,"Williamsburg, VA","Williamsburg, VA Urban Area",6.872474304,51,51,VA,Virginia,5.831688009,1.041
47995,47995,400C200US47995,"Las Vegas--Henderson--Paradise, NV","Las Vegas--Henderson--Paradise, NV Urban Area",7.287630344,32,32,NV,Nevada,4.731621561,2.556
75313,75313,400C200US75313,"Riverhead--Southold, NY","Riverhead--Southold, NY Urban Area",5.86950945,36,36,NY,New York,5.018485272,0.851
3904,3904,400C200US03904,"Atlantic City--Ocean City--Villas, NJ","Atlantic City--Ocean City--Villas, NJ Urban Area",6.057837849,34,34,NJ,New Jersey,4.809394989,1.248
6290,6290,400C200US06290,"Bel Air--Aberdeen, MD","Bel Air--Aberdeen, MD Urban Area",7.213333366,24,24,MD,Maryland,5.719359852,1.494
31150,31150,400C200US31150,"Four Corners, FL","Four Corners, FL Urban Area",7.225017314,12,12,FL,Florida,6.210653346,1.014
26750,26750,400C200US26750,"Elizabethtown--Radcliff, KY","Elizabethtown--Radcliff, KY Urban Area",7.240973963,21,21,KY,Kentucky,6.378271804,0.863
51755,51755,400C200US51755,"Louisville/Jefferson County, KY--IN","Louisville/Jefferson County, KY--IN Urban Area",8.186162757,21,21,KY,Kentucky,6.378271804,1.808
2103,2103,400C200US02103,"Amherst Town--Northampton--Easthampton Town, MA","Amherst Town--Northampton--Easthampton Town, MA Urban Area",7.085507747,25,25,MA,Massachusetts,4.704029792,2.381
69517,69517,400C200US69517,"Pinehurst--Southern Pines, NC","Pinehurst--Southern Pines, NC Urban Area",7.311532388,37,37,NC,North Carolina,5.974952781,1.337
49594,49594,400C200US49594,"Lexington Park--California--Chesapeake Ranch Estates, MD","Lexington Park--California--Chesapeake Ranch Estates, MD Urban Area",6.872135118,24,24,MD,Maryland,5.719359852,1.153
61372,61372,400C200US61372,"Navarre--Miramar Beach--Destin, FL","Navarre--Miramar Beach--Destin, FL Urban Area",8.186788781,12,12,FL,Florida,6.210653346,1.976
28766,28766,400C200US28766,"Fairhope--Daphne, AL","Fairhope--Daphne, AL Urban Area",8.231166087,1,1,AL,Alabama,7.071756628,1.159